Rank,Name,City & State,Public/Private,Undergraduate Population,Student Population,Net Price,Average Grant Aid,Total Annual Cost,Alumni Salary,Acceptance Rate,SAT Composite Range,ACT Composite Range,Website
#1,Harvard University,"Cambridge, MA",Private,"13,844","31,120","$14,327","$49,870","$69,600","$146,800",5%,1460-1590,32-35,www.harvard.edu
#2,Stanford University,"Stanford, CA",Private,"8,402","17,534","$13,261","$50,134","$69,109","$145,200",5%,1390-1540,32-35,www.stanford.edu
#3,Yale University,"New Haven, CT",Private,"6,483","12,974","$18,627","$50,897","$71,290","$138,300",7%,1460-1580,32-35,www.yale.edu
#4,Massachusetts Institute of Technology,"Cambridge, MA",Private,"4,680","11,466","$20,771","$43,248","$67,430","$155,200",7%,1490-1570,33-35,web.mit.edu
#5,Princeton University,"Princeton, NJ",Private,"5,659","8,273","$9,327","$48,088","$66,150","$139,400",6%,1430-1570,31-35,www.princeton.edu
#6,University of Pennsylvania,"Philadelphia, PA",Private,"13,437","25,367","$24,242","$44,801","$71,715","$133,900",9%,1420-1560,32-35,www.upenn.edu
#7,Brown University,"Providence, RI",Private,"7,390","10,095","$30,205","$42,455","$71,050","$127,600",8%,1405-1570,31-35,www.brown.edu
#8,California Institute of Technology,"Pasadena, CA",Private,"1,002","2,238","$24,245","$41,408","$68,901","$151,600",8%,1530-1590,34-35,www.caltech.edu
#9,Duke University,"Durham, NC",Private,"7,184","16,130","$35,737","$47,836","$71,764","$132,100",10%,1380-1540,31-35,www.duke.edu
#10,Dartmouth College,"Hanover, NH",Private,"4,693","6,509","$30,421","$47,171","$71,827","$130,900",10%,1430-1560,30-34,www.dartmouth.edu
#11,Cornell University,"Ithaca, NY",Private,"14,774","23,016","$31,230","$36,164","$70,321","$128,200",13%,1390-1550,31-34,www.cornell.edu
#12,Pomona College,"Claremont, CA",Private,"1,599","1,665","$15,840","$48,930","$69,725","$117,200",8%,1370-1530,30-34,www.pomona.edu
#13,"University of California, Berkeley","Berkeley, CA",Public,"31,133","41,891","$15,859","$18,319","$65,003","$131,800",17%,1260-1480,30-34,www.berkeley.edu
#14,Columbia University,"New York, NY",Private,"8,523","30,454","$24,231","$49,185","$74,199","$126,800",7%,1410-1570,31-34,www.columbia.edu
#15,Georgetown University,"Washington, DC",Private,"8,194","19,005","$30,107","$41,893","$71,580","$122,200",16%,1350-1520,30-34,www.georgetown.edu
#16,University of Chicago,"Chicago, IL",Private,"6,915","16,227","$25,455","$37,883","$75,735","$114,200",9%,1480-1580,32-35,www.uchicago.edu
#17,Northwestern University,"Evanston, IL",Private,"10,163","22,008","$24,047","$44,247","$72,980","$115,400",9%,1420-1560,32-34,www.northwestern.edu
#18,University of Notre Dame,"Notre Dame, IN",Private,"8,664","12,467","$28,768","$39,590","$69,395","$130,500",19%,1370-1520,32-34,www.nd.edu
#19,Williams College,"Williamstown, MA",Private,"2,134","2,227","$22,667","$48,050","$70,650","$127,500",15%,1400-1570,31-35,www.williams.edu
#20,"University of Michigan, Ann Arbor","Ann Arbor, MI",Public,"29,773","46,002","$14,860","$18,751","$62,176","$112,200",27%,1330-1500,30-33,www.umich.edu
#21,Rice University,"Houston, TX",Private,"4,036","7,022","$20,237","$36,387","$63,158","$129,500",16%,1490-1580,33-35,www.rice.edu
#22,Johns Hopkins University,"Baltimore, MD",Private,"7,825","25,151","$33,586","$38,542","$69,863","$117,100",13%,1450-1570,33-35,www.jhu.edu
#23,Harvey Mudd College,"Claremont, CA",Private,847,861,"$34,464","$33,782","$74,428","$158,200",15%,1470-1570,33-35,www.hmc.edu
#24,United States Naval Academy,"Annapolis, MD",Public,"4,495","4,526",$0,N/A,$0,"$152,800",8%,1150-1370,N/A,www.usna.edu
#25,Swarthmore College,"Swarthmore, PA",Private,"1,577","1,630","$20,511","$46,105","$68,846","$123,200",11%,1380-1540,31-34,www.swarthmore.edu
#26,Bowdoin College,"Brunswick, ME",Private,"1,816","1,965","$22,810","$41,143","$68,070","$112,000",14%,N/A,N/A,www.bowdoin.edu
#27,Vanderbilt University,"Nashville, TN",Private,"7,006","12,592","$19,959","$41,359","$67,392","$119,100",11%,1440-1570,32-35,www.vanderbilt.edu
#28,Amherst College,"Amherst, MA",Private,"1,836","1,945","$22,463","$49,467","$71,300","$116,500",13%,1400-1560,32-34,https://www.amherst.edu
#29,Claremont McKenna College,"Claremont, CA",Private,"1,345","1,364","$26,933","$40,673","$71,745","$125,400",10%,1340-1510,30-34,www.claremontmckenna.edu
#30,University of Southern California,"Los Angeles, CA",Private,"20,582","45,687","$30,232","$36,686","$72,209","$120,600",16%,1300-1500,30-34,www.usc.edu
#31,Washington University in St. Louis,"St. Louis, MO",Private,"8,533","15,303","$28,540","$41,977","$71,975","$114,900",16%,1470-1570,32-34,www.wustl.edu
#32,United States Military Academy,"West Point, NY",Public,"4,491","4,568",$0,N/A,$0,"$144,000",10%,1185-1400,23-28,www.usma.edu
#33,University of Virginia,"Charlottesville, VA",Public,"18,432","24,360","$20,547","$21,171","$62,633","$117,500",27%,1310-1500,29-33,www.virginia.edu
#34,Tufts University,"Medford, MA",Private,"5,960","11,449","$32,620","$38,605","$70,600","$118,100",15%,1410-1540,31-34,www.tufts.edu
#35,New York University,"New York, NY",Private,"30,252","51,123","$40,336","$31,542","$71,790","$117,700",28%,1290-1490,29-33,www.nyu.edu
#36,Middlebury College,"Middlebury, VT",Private,"2,591","3,855","$26,075","$43,491","$69,464","$109,800",17%,1320-1510,30-34,www.middlebury.edu
#37,Carnegie Mellon University,"Pittsburgh, PA",Private,"6,941","13,869","$31,102","$38,163","$70,094","$136,100",22%,1430-1560,32-35,www.cmu.edu
#38,"University of California, Los Angeles","Los Angeles, CA",Public,"33,148","44,027","$14,309","$20,011","$61,915","$116,100",16%,1220-1450,29-34,ucla.edu
#39,Bates College,"Lewiston, ME",Private,"1,787","1,905","$25,192","$43,238","$68,870","$111,900",22%,N/A,N/A,bates.edu
#40,Wesleyan University,"Middletown, CT",Private,"3,123","3,213","$29,956","$43,276","$69,935","$117,000",16%,N/A,N/A,www.wesleyan.edu
#41,Boston College,"Chestnut Hill, MA",Private,"10,304","14,628","$34,550","$40,716","$70,588","$115,400",32%,1320-1490,31-33,www.bc.edu
#42,Washington and Lee University,"Lexington, VA",Private,"1,855","2,220","$24,761","$39,671","$65,950","$123,200",22%,1350-1490,31-33,www.wlu.edu
#43,United States Air Force Academy,"Colorado Springs, CO",Public,"4,237","4,276",$0,N/A,$0,"$138,100",12%,1210-1390,28-32,www.usafa.af.mil
#44,Wellesley College,"Wellesley, MA",Private,"2,508","2,688","$23,188","$45,777","$69,034","$106,200",22%,1360-1530,30-33,www.wellesley.edu
#45,"University of North Carolina, Chapel Hill","Chapel Hill, NC",Public,"19,429","29,911","$14,163","$17,291","$51,152","$100,800",24%,1270-1460,28-33,www.unc.edu
#46,Colgate University,"Hamilton, NY",Private,"2,894","3,025","$23,310","$45,108","$69,860","$130,600",28%,1310-1500,31-33,www.colgate.edu
#47,College of William &amp; Mary,"Williamsburg, VA",Public,"6,822","8,740","$19,720","$18,738","$59,012","$108,900",36%,1300-1480,29-33,www.wm.edu
#48,Davidson College,"Davidson, NC",Private,"1,810","1,959","$21,206","$36,359","$66,678","$106,900",20%,1310-1470,30-33,www.davidson.edu
#49,Haverford College,"Haverford, PA",Private,"1,296","1,326","$26,607","$45,805","$71,614","$112,300",20%,1390-1530,31-34,www.haverford.edu
#50,Barnard College,"New York, NY",Private,"2,544","2,668","$25,007","$44,776","$71,282","$109,800",15%,1310-1500,30-33,barnard.edu
#51,Santa Clara University,"Santa Clara, CA",Private,"5,754","8,629","$33,738","$26,671","$69,439","$134,700",54%,1270-1440,28-32,www.scu.edu
#52,Carleton College,"Northfield, MN",Private,"2,078","2,155","$27,898","$38,342","$68,835","$109,900",21%,1360-1530,31-34,www.carleton.edu
#53,United States Coast Guard Academy,"New London, CT",Public,896,"1,044",$0,N/A,$0,"$118,100",15%,1180-1343,26-31,www.uscga.edu
#54,Pitzer College,"Claremont, CA",Private,"1,074","1,087","$28,423","$41,257","$70,500","$96,600",16%,N/A,N/A,www.pitzer.edu
#55,Emory University,"Atlanta, GA",Private,"7,859","14,263","$26,760","$38,213","$66,950","$110,800",22%,1350-1520,30-33,www.emory.edu
#56,Wake Forest University,"Winston-Salem, NC",Private,"5,068","8,116","$33,382","$42,495","$69,130","$114,800",28%,N/A,N/A,www.wfu.edu
#57,Lafayette College,"Easton, PA",Private,"2,569","2,594","$30,820","$39,957","$68,640","$122,500",31%,1260-1440,28-31,www.lafayette.edu
#58,Cooper Union,"New York, NY",Private,921,946,"$14,564","$32,452","$65,045","$126,200",13%,1310-1530,28-34,cooper.edu
#59,Hamilton College,"Clinton, NY",Private,"1,901","2,043","$24,140","$43,611","$67,670","$108,100",24%,1360-1510,31-33,www.hamilton.edu/index.cfm
#60,Scripps College,"Claremont, CA",Private,"1,083","1,092","$30,974","$31,633","$71,060","$98,600",33%,1290-1460,29-33,www.scrippscollege.edu
#61,Vassar College,"Poughkeepsie, NY",Private,"2,353","2,572","$23,687","$44,517","$70,370","$100,100",24%,1330-1500,30-33,www.vassar.edu
#62,Babson College,"Babson Park, MA",Private,"2,354","3,329","$35,540","$36,717","$68,432","$133,800",24%,1230-1410,27-32,www.babson.edu
#63,"University of Maryland, College Park","College Park, MD",Public,"32,022","40,521","$18,517","$8,955","$49,698","$113,400",45%,1280-1470,29-33,www.umd.edu
#64,"University of Washington, Seattle","Seattle, WA",Public,"38,781","46,166","$12,899","$14,051","$51,159","$112,300",46%,1190-1420,27-32,uw.edu
#65,Georgia Institute of Technology,"Atlanta, GA",Public,"17,223","29,376","$13,291","$12,779","$49,366","$133,400",23%,1090-1520,30-34,www.gatech.edu
#66,United States Merchant Marine Academy,"Kings Point, NY",Public,912,975,"$6,758","$3,597","$8,646","$140,700",22%,1210-1280,26-28,www.usmma.edu
#67,Lehigh University,"Bethlehem, PA",Private,"5,337","7,017","$34,212","$36,014","$65,925","$134,100",25%,1270-1430,29-32,www4.lehigh.edu/default.aspx
#68,"University of Illinois, Urbana-Champaign","Champaign, IL",Public,"35,476","48,216","$18,377","$13,595","$46,202","$115,300",62%,1340-1500,26-32,illinois.edu
#69,"University of Wisconsin, Madison","Madison, WI",Public,"33,863","42,977","$19,880","$6,733","$49,885","$104,400",54%,1280-1450,27-31,www.wisc.edu
#70,University of Florida,"Gainesville, FL",Public,"37,851","52,669","$12,345","$6,636","$43,409","$102,800",42%,1240-1400,28-32,www.ufl.edu
#71,Kenyon College,"Gambier, OH",Private,"1,677","1,795","$30,504","$34,966","$69,180","$103,800",34%,1263-1460,29-33,www.kenyon.edu/index.xml
#72,Villanova University,"Villanova, PA",Private,"7,873","10,967","$41,858","$30,163","$68,231","$119,500",36%,1250-1440,30-33,www.villanova.edu
#73,Bucknell University,"Lewisburg, PA",Private,"3,678","3,740","$40,976","$29,783","$70,125","$122,900",31%,1250-1420,28-31,www.bucknell.edu
#74,Boston University,"Boston, MA",Private,"22,829","33,355","$37,065","$34,156","$70,302","$113,600",25%,1300-1480,29-32,www.bu.edu
#75,Colby College,"Waterville, ME",Private,"1,917","2,032","$20,739","$45,463","$68,582","$103,300",16%,1340-1500,31-33,www.colby.edu
#76,"University of Texas, Austin","Austin, TX",Public,"42,827","51,525","$16,960","$10,644","$51,786","$112,800",36%,1220-1460,26-33,www.utexas.edu
#77,College of the Holy Cross,"Worcester, MA",Private,"2,806","2,855","$34,159","$36,963","$66,220","$114,600",40%,N/A,N/A,www.holycross.edu
#78,George Washington University,"Washington, DC",Private,"12,358","27,973","$31,956","$29,429","$69,368","$115,300",41%,1280-1440,29-32,www.gwu.edu
#79,"University of California, San Diego","San Diego, CA",Public,"29,613","35,772","$14,630","$18,231","$60,177","$123,700",34%,1210-1410,27-33,www.ucsd.edu
#80,Grinnell College,"Grinnell, IA",Private,"1,712","1,765","$22,844","$33,946","$66,214","$96,500",29%,1310-1510,30-34,www.grinnell.edu
#81,Smith College,"Northampton, MA",Private,"2,594","2,918","$24,829","$39,913","$69,563","$98,200",32%,N/A,N/A,www.smith.edu
#82,University of Rochester,"Rochester, NY",Private,"6,905","11,648","$30,480","$30,658","$70,108","$112,700",34%,1300-1490,29-33,www.rochester.edu
#83,University of Richmond,"Richmond, VA",Private,"3,815","4,023","$26,264","$38,394","$64,890","$107,500",33%,1270-1460,29-32,www.richmond.edu
#84,"University of California, Santa Barbara","Santa Barbara, CA",Public,"22,910","25,057","$15,764","$19,558","$64,125","$116,300",33%,1190-1400,28-33,www.ucsb.edu
#85,Oberlin College,"Oberlin, OH",Private,"2,853","3,030","$31,331","$28,876","$71,330","$96,800",34%,1280-1450,28-33,www.oberlin.edu
#86,Macalester College,"St. Paul, MN",Private,"2,136","2,249","$26,865","$33,335","$66,280","$100,400",41%,1300-1480,29-32,www.macalester.edu
#87,"University of California, Irvine","Irvine, CA",Public,"28,947","35,242","$13,376","$18,824","$61,872","$116,000",37%,1170-1350,25-32,www.uci.edu
#88,"University of California, Davis","Davis, CA",Public,"31,437","37,380","$15,737","$18,690","$63,743","$112,600",43%,1130-1360,25-32,www.ucdavis.edu
#89,Whitman College,"Walla Walla, WA",Private,"1,510","1,574","$43,488","$23,828","$64,504","$102,600",52%,1140-1380,28-32,www.whitman.edu
#90,University of Miami (FL),"Coral Gables, FL",Private,"12,002","17,003","$29,184","$20,647","$66,274","$99,600",36%,1230-1420,28-32,www.miami.edu
#91,Southern Methodist University,"Dallas, TX",Private,"6,917","11,789","$32,190","$33,203","$72,408","$110,400",49%,1270-1440,28-32,www.smu.edu
#92,Colorado College,"Colorado Springs, CO",Private,"2,118","2,450","$34,032","$36,872","$68,616","$97,900",15%,N/A,N/A,www.coloradocollege.edu
#93,Worcester Polytechnic Institute,"Worcester, MA",Private,"4,654","6,642","$40,376","$19,515","$65,046","$135,500",48%,N/A,N/A,www.wpi.edu
#94,Colorado School of Mines,"Golden, CO",Public,"4,811","6,209","$25,710","$10,725","$52,698","$139,600",56%,1310-1450,28-32,www.mines.edu
#95,Brigham Young University,"Provo, UT",Private,"34,334","35,807","$12,974","$4,843","$18,370","$108,000",52%,1210-1410,27-32,www.byu.edu
#96,Brandeis University,"Waltham, MA",Private,"3,869","5,721","$31,138","$35,487","$70,943","$113,200",34%,1280-1470,29-33,www.brandeis.edu
#97,Yeshiva University,"New York, NY",Private,"2,884","6,330","$36,306","$26,972","$60,525","$112,800",63%,1160-1420,23-29,www.yu.edu
#98,"University of Minnesota, Twin Cities","Minneapolis, MN",Public,"45,796","51,848","$17,396","$8,760","$39,655","$104,000",50%,1270-1480,26-31,www.umn.edu
#99,University of Georgia,"Athens, GA",Public,"30,690","37,606","$14,625","$10,076","$44,978","$100,700",54%,1200-1370,26-31,www.uga.edu
#100,Case Western Reserve University,"Cleveland, OH",Private,"5,292","11,824","$35,316","$28,295","$65,384","$117,800",33%,1340-1520,30-33,www.case.edu
#101,Skidmore College,"Saratoga Springs, NY",Private,"2,684","2,835","$27,410","$41,746","$69,450","$99,700",25%,1205-1400,27-31,www.skidmore.edu
#102,Occidental College,"Los Angeles, CA",Private,"1,972","2,123","$29,211","$35,704","$71,756","$105,700",42%,1280-1440,27-32,www.oxy.edu
#103,"Texas A&amp;M University, College Station","College Station, TX",Public,"53,515","67,929","$20,282","$8,748","$53,848","$115,700",71%,1140-1360,25-30,www.tamu.edu
#104,Union College (NY),"Schenectady, NY",Private,"2,214","2,267","$32,720","$29,135","$68,610","$117,500",37%,N/A,N/A,www.union.edu
#105,Reed College,"Portland, OR",Private,"1,470","1,490","$31,815","$35,130","$69,820","$104,900",36%,1310-1500,30-33,www.reed.edu
#106,Tulane University,"New Orleans, LA",Private,"8,873","12,384","$34,240","$33,035","$69,764","$105,300",21%,1330-1490,30-33,www.tulane.edu
#107,Bentley University,"Waltham, MA",Private,"4,352","5,543","$35,671","$26,565","$66,180","$116,600",44%,1210-1380,27-31,www.bentley.edu
#108,Virginia Tech,"Blacksburg, VA",Public,"26,634","34,440","$20,343","$8,261","$44,024","$114,000",70%,1180-1360,25-30,vt.edu
#109,Trinity College (CT),"Hartford, CT",Private,"2,282","2,401","$31,808","$40,346","$71,470","$110,900",34%,1260-1420,28-32,www.trincoll.edu/Pages/default.aspx
#110,Rose-Hulman Institute of Technology,"Terre Haute, IN",Private,"2,245","2,254","$36,906","$20,967","$65,031","$135,800",61%,1260-1450,27-32,www.rose-hulman.edu
#111,Bryn Mawr College,"Bryn Mawr, PA",Private,"1,442","1,640","$25,672","$37,710","$68,410","$95,300",38%,1310-1500,29-33,www.brynmawr.edu
#112,Rhode Island School of Design,"Providence, RI",Private,"2,030","2,440","$46,277","$26,169","$67,620","$100,600",32%,1130-1370,25-31,www.risd.edu
#113,Rensselaer Polytechnic Institute,"Troy, NY",Private,"6,371","7,592","$34,839","$30,596","$70,132","$134,100",43%,1320-1500,28-32,www.rpi.edu
#114,Franklin and Marshall College,"Lancaster, PA",Private,"2,283","2,440","$27,531","$43,377","$70,430","$109,700",34%,N/A,N/A,fandm.edu
#115,"California Polytechnic State University, San Luis Obispo","San Luis Obispo, CA",Public,"21,098","22,370","$19,979","$5,891","$39,033","$119,500",35%,1200-1380,26-31,calpoly.edu
#116,St. Olaf College,"Northfield, MN",Private,"3,035","3,137","$24,250","$28,573","$58,330","$101,900",43%,1150-1400,25-31,wp.stolaf.edu
#117,Pennsylvania State University,"State College, PA",Public,"43,709","47,119","$30,373","$10,060","$51,572","$105,500",50%,1160-1340,25-30,www.psu.edu
#118,Purdue University,"West Lafayette, IN",Public,"32,534","42,699","$13,746","$10,703","$41,614","$110,000",57%,1150-1380,25-31,www.purdue.edu
#119,The Juilliard School,"New York, NY",Private,590,927,"$32,829","$29,417","$62,600","$97,400",6%,N/A,N/A,N/A
#120,Dickinson College,"Carlisle, PA",Private,"2,382","2,422","$28,464","$34,171","$69,071","$100,100",49%,N/A,N/A,www.dickinson.edu
#121,Ohio State University,"Columbus, OH",Public,"49,185","59,837","$17,726","$9,730","$46,141","$98,600",48%,1260-1450,27-31,www.osu.edu
#122,Wheaton College (IL),"Wheaton, IL",Private,"2,544","2,900","$28,005","$16,173","$47,696","$99,700",85%,1230-1410,27-32,www.wheaton.edu
#123,Rutgers University,"New Brunswick, NJ",Public,"40,523","49,577","$20,379","$13,896","$47,518","$111,000",58%,1190-1400,N/A,www.rutgers.edu
#124,Loyola Marymount University,"Los Angeles, CA",Private,"6,591","9,618","$40,676","$19,787","$64,735","$113,300",52%,1180-1360,26-31,www.lmu.edu
#125,University of Portland,"Portland, OR",Private,"3,967","4,396","$35,329","$23,282","$59,236","$104,900",70%,1140-1320,23-29,www.up.edu
#126,American University,"Washington, DC",Private,"8,606","13,858","$36,567","$29,412","$64,234","$102,900",29%,1180-1350,26-30,www.american.edu
#127,Furman University,"Greenville, SC",Private,"2,863","2,949","$27,508","$30,434","$63,706","$98,800",61%,1190-1380,26-31,www2.furman.edu/Pages/default.aspx
#128,Connecticut College,"New London, CT",Private,"1,817","1,928","$30,244","$39,603","$69,440","$100,800",38%,N/A,N/A,www.conncoll.edu
#129,Pepperdine University,"Malibu, CA",Private,"3,803","7,710","$33,814","$31,980","$70,862","$103,900",40%,1200-1390,26-31,www.pepperdine.edu
#130,University of Connecticut,"Storrs, CT",Public,"20,662","27,578","$20,681","$13,630","$53,112","$105,200",48%,1210-1390,26-31,uconn.edu
#131,"Indiana University, Bloomington","Bloomington, IN",Public,"41,317","43,710","$14,351","$11,647","$48,739","$97,100",76%,1140-1350,25-31,www.indiana.edu
#132,DePauw University,"Greencastle, IN",Private,"2,158","2,253","$22,323","$31,570","$62,567","$101,000",67%,1110-1330,24-29,www.depauw.edu
#133,Elon University,"Elon, NC",Private,"6,214","6,791","$34,459","$14,061","$49,642","$93,700",67%,1140-1330,25-29,www.elon.edu
#134,Clemson University,"Clemson, SC",Public,"19,506","24,387","$17,696","$10,296","$50,516","$106,700",47%,1220-1390,27-31,www.clemson.edu
#135,Fairfield University,"Fairfield, CT",Private,"4,511","5,192","$36,929","$24,180","$64,325","$116,900",61%,N/A,N/A,www.fairfield.edu
#136,James Madison University,"Harrisonburg, VA",Public,"21,167","21,836","$20,204","$8,556","$42,522","$102,600",75%,1100-1260,23-28,www.jmu.edu
#137,Mount Holyoke College,"South Hadley, MA",Private,"2,334","2,393","$26,239","$31,370","$63,900","$92,100",51%,1270-1463,29-33,https://www.mtholyoke.edu
#138,Gettysburg College,"Gettysburg, PA",Private,"2,411","2,615","$27,597","$29,795","$66,710","$109,300",46%,N/A,N/A,www.gettysburg.edu
#139,"North Carolina State University, Raleigh","Raleigh, NC",Public,"26,961","34,432","$15,024","$10,998","$42,048","$106,500",51%,1230-1390,26-31,www.ncsu.edu
#140,University of Denver,"Denver, CO",Private,"6,080","11,434","$32,174","$26,702","$65,376","$105,100",58%,1160-1350,25-30,www.du.edu
#141,Fordham University,"Bronx, NY",Private,"10,137","16,037","$35,694","$27,530","$72,239","$112,500",46%,1230-1410,27-31,www.fordham.edu
#142,University of San Diego,"San Diego, CA",Private,"6,177","8,905","$34,752","$24,364","$65,426","$109,400",50%,1180-1350,26-30,www.sandiego.edu
#143,Trinity University (TX),"San Antonio, TX",Private,"2,406","2,571","$23,144","$26,174","$56,880","$102,900",38%,1230-1410,27-32,web.trinity.edu
#144,University of Pittsburgh,"Pittsburgh, PA",Public,"20,822","28,642","$28,331","$12,484","$44,812","$100,400",60%,1240-1418,27-32,www.pitt.edu
#145,"Binghamton University, SUNY","Binghamton, NY",Public,"14,736","17,351","$18,378","$8,062","$40,980","$109,600",40%,1290-1431,28-31,www.binghamton.edu
#146,"University of Colorado, Boulder","Boulder, CO",Public,"30,976","35,338","$20,706","$9,787","$54,312","$109,900",80%,1150-1340,25-30,www.colorado.edu
#147,University of Delaware,"Newark, DE",Public,"20,550","23,774","$16,892","$8,798","$47,782","$105,400",63%,1130-1330,25-29,www.udel.edu
#148,Texas Christian University,"Fort Worth, TX",Private,"9,258","10,489","$35,429","$24,864","$62,970","$98,700",41%,1130-1330,25-30,www.tcu.edu
#149,College of New Jersey,"Ewing, NJ",Public,"7,212","7,552","$26,670","$9,936","$45,897","$101,800",48%,1170-1330,N/A,tcnj.edu
#150,Rhodes College,"Memphis, TN",Private,"2,010","2,102","$25,629","$30,234","$61,538","$97,800",51%,1220-1410,27-32,www.rhodes.edu
#151,Florida State University,"Tallahassee, FL",Public,"36,787","41,362","$14,582","$6,628","$34,904","$92,700",49%,1190-1330,26-30,www.fsu.edu
#152,Stevens Institute of Technology,"Hoboken, NJ",Private,"3,144","6,916","$36,620","$25,762","$67,204","$139,900",44%,1320-1470,29-33,www.stevens.edu/sit
#153,Denison University,"Granville, OH",Private,"2,290","2,341","$24,808","$30,783","$64,970","$104,800",37%,1200-1380,28-31,denison.edu
#154,Sewanee—University of the South,"Sewanee, TN",Private,"1,778","1,835","$27,544","$23,449","$60,950","$97,800",47%,N/A,N/A,www.sewanee.edu
#155,"University of Massachusetts, Amherst","Amherst, MA",Public,"26,735","30,340","$20,926","$8,867","$48,135","$103,000",58%,1180-1360,26-31,www.umass.edu
#156,Syracuse University,"Syracuse, NY",Private,"22,484","28,199","$34,173","$27,878","$65,480","$104,800",47%,1160-1350,25-30,syracuse.edu
#157,Sarah Lawrence College,"Bronxville, NY",Private,"1,470","1,696","$33,358","$28,916","$70,266","$96,100",53%,1240-1410,27-31,www.slc.edu
#158,St. Lawrence University,"Canton, NY",Private,"2,468","2,493","$27,691","$31,866","$68,296","$104,000",48%,1205-1365,26-30,www.stlawu.edu
#159,Michigan State University,"East Lansing, MI",Public,"42,252","50,019","$18,576","$10,911","$53,424","$100,800",72%,1100-1320,23-28,www.msu.edu
#160,University of Iowa,"Iowa City, IA",Public,"27,051","32,166","$15,103","$8,045","$44,251","$99,400",86%,1140-1370,23-28,www.uiowa.edu
#161,Saint Louis University,"St. Louis, MO",Private,"14,373","14,581","$27,341","$23,580","$57,214","$95,300",64%,1170-1390,25-31,www.slu.edu
#162,Seattle University,"Seattle, WA",Private,"5,250","7,278","$35,021","$22,438","$59,607","$113,700",74%,1130-1330,24-29,www.seattleu.edu/default.aspx
#163,Manhattan School of Music,"New York, NY",Private,451,"1,007","$47,116","$24,906","$66,200",N/A,43%,N/A,N/A,N/A
#164,Kalamazoo College,"Kalamazoo, MI",Private,"1,436","1,469","$23,579","$29,059","$59,267","$94,500",73%,1180-1380,26-30,www.kzoo.edu
#165,University of Dayton,"Dayton, OH",Private,"8,660","10,882","$32,721","$21,293","$57,680","$105,000",72%,1100-1310,24-29,www.udayton.edu
#166,Auburn University,"Auburn, AL",Public,"23,846","29,776","$23,416","$9,030","$49,954","$104,500",84%,1130-1310,24-30,www.auburn.edu
#167,Saint Joseph's University (PA),"Philadelphia, PA",Private,"5,705","8,085","$33,480","$23,892","$60,854","$105,100",77%,1110-1290,23-28,www.sju.edu
#168,University of Vermont,"Burlington, VT",Public,"12,945","13,340","$18,877","$16,347","$56,890","$99,400",67%,1180-1350,25-30,www.uvm.edu
#169,Samford University,"Birmingham, AL",Private,"3,446","5,509","$29,032","$14,879","$46,474","$90,500",83%,1080-1280,23-29,www.samford.edu
#170,Gonzaga University,"Spokane, WA",Private,"5,333","7,506","$32,623","$21,169","$57,350","$107,600",65%,1180-1350,26-30,www.gonzaga.edu
#171,Wofford College,"Spartanburg, SC",Private,"1,678","1,737","$24,722","$28,158","$57,749","$96,600",69%,1120-1310,29-30,www.wofford.edu
#172,Providence College,"Providence, RI",Private,"4,484","4,646","$38,823","$26,359","$64,984","$106,900",52%,1160-1330,26-30,www.providence.edu/Pages/default.aspx
#173,University of Puget Sound,"Tacoma, WA",Private,"2,545","2,701","$37,074","$21,534","$63,510","$101,300",84%,N/A,N/A,www.pugetsound.edu
#174,"CUNY, Baruch College","New York, NY",Public,"18,289","18,775","$2,695","$8,944","$39,172","$107,100",29%,1190-1350,N/A,www.baruch.cuny.edu
#175,Loyola University Maryland,"Baltimore, MD",Private,"4,175","5,783","$36,350","$26,091","$64,520","$111,200",75%,N/A,N/A,www.loyola.edu
#176,"SUNY, Stony Brook (Stony Brook University)","Stony Brook, NY",Public,"19,871","25,989","$13,770","$9,968","$42,981","$107,800",42%,1210-1410,26-31,www.stonybrook.edu
#177,George Mason University,"Fairfax, VA",Public,"32,249","35,984","$19,779","$8,567","$51,672","$105,700",81%,1100-1290,24-30,www.gmu.edu
#178,Chapman University,"Orange, CA",Private,"6,756","9,392","$39,228","$26,378","$69,464","$99,400",57%,1190-1360,25-30,www.chapman.edu
#179,Muhlenberg College,"Allentown, PA",Private,"2,367","2,535","$31,014","$25,282","$65,330","$101,900",48%,1140-1340,25-30,www.muhlenberg.edu
#180,Marquette University,"Milwaukee, WI",Private,"8,486","11,426","$29,120","$20,717","$55,273","$105,900",89%,1130-1310,24-29,www.marquette.edu
#181,San Diego State University,"San Diego, CA",Public,"31,609","35,158","$14,030","$7,549","$40,104","$102,800",35%,1090-1290,23-28,www.sdsu.edu
#182,Northeastern University,"Boston, MA",Private,"18,760","21,489","$29,748","$34,691","$68,177","$109,700",27%,1370-1520,32-34,www.northeastern.edu
#183,"University of California, Santa Cruz","Santa Cruz, CA",Public,"17,925","19,457","$17,877","$18,050","$64,054","$104,700",51%,1160-1340,26-31,www.ucsc.edu
#184,Lewis &amp; Clark College,"Portland, OR",Private,"2,174","3,339","$34,838","$25,539","$62,086","$93,200",71%,1210-1390,27-31,www.lclark.edu
#185,Miami University (OH),"Oxford, OH",Public,"18,239","19,700","$21,288","$11,894","$51,064","$107,300",68%,1190-1380,26-31,miamioh.edu
#186,"Arizona State University, Tempe","Tempe, AZ",Public,"46,038","51,164","$11,163","$12,081","$44,110","$100,900",84%,1120-1350,22-29,www.asu.edu
#187,University of Utah,"Salt Lake City, UT",Public,"28,686","32,800","$13,728","$7,990","$42,916","$102,600",66%,1110-1350,22-29,www.utah.edu
#188,"University of Oklahoma, Norman","Norman, OK",Public,"24,255","28,527","$19,254","$9,372","$43,764","$100,600",74%,1150-1380,23-29,www.ou.edu
#189,Marist College,"Poughkeepsie, NY",Private,"6,236","6,657","$35,290","$15,637","$54,880","$101,000",43%,N/A,N/A,www.marist.edu
#190,Hobart and William Smith Colleges,"Geneva, NY",Private,"2,244","2,295","$35,172","$25,110","$69,775","$108,500",64%,1150-1330,25-30,www.hws.edu
#191,University of Oregon,"Eugene, OR",Public,"22,400","22,887","$15,693","$8,662","$49,542","$95,800",83%,1080-1270,22-28,www.uoregon.edu
#192,Drake University,"Des Moines, IA",Private,"3,606","4,904","$27,578","$21,239","$54,020","$99,900",69%,1100-1350,24-30,www.drake.edu
#193,Lawrence University,"Appleton, WI",Private,"1,467","1,545","$25,117","$28,643","$58,458","$98,800",61%,1220-1460,25-32,www.lawrence.edu
#194,Creighton University,"Omaha, NE",Private,"4,626","8,654","$30,427","$20,293","$53,452","$95,800",72%,1070-1290,25-30,www.creighton.edu
#195,Hillsdale College,"Hillsdale, MI",Private,"1,520","1,556",N/A,"$18,540","$40,552",N/A,41%,1280-1440,28-32,www.hillsdale.edu
#196,University at Buffalo (SUNY),"Buffalo, NY",Public,"23,075","30,648","$17,469","$8,198","$43,398","$98,000",57%,1080-1260,24-28,www.buffalo.edu
#197,University of Tulsa,"Tulsa, OK",Private,"3,630","4,433","$23,948","$31,812","$59,435","$107,200",39%,1150-1440,25-32,www.utulsa.edu
#198,University of Saint Thomas (MN),"St. Paul, MN",Private,"6,424","9,878","$30,503","$21,274","$54,647","$106,400",84%,1090-1330,24-29,www.stthomas.edu
#199,"University of California, Riverside","Riverside, CA",Public,"21,017","23,279","$12,344","$21,249","$62,677","$106,900",57%,1090-1300,23-29,ucr.edu
#200,Manhattan College,"Riverdale, NY",Private,"3,727","4,242","$30,243","$18,177","$60,212","$125,700",75%,1050-1243,23-28,www.manhattan.edu
#201,University of South Carolina,"Columbia, SC",Public,"26,791","34,731","$19,519","$5,792","$47,162","$89,900",72%,1170-1330,25-30,www.sc.edu
#202,Baylor University,"Waco, TX",Private,"14,951","17,059","$34,898","$21,350","$60,233","$101,400",39%,1190-1360,26-31,www.baylor.edu
#203,Bryant University,"Smithfield, RI",Private,"3,503","3,751","$37,730","$20,675","$59,904","$108,600",73%,N/A,N/A,www.bryant.edu
#204,University of Mary Washington,"Fredericksburg, VA",Public,"4,800","4,808","$21,227","$5,562","$42,716","$98,200",73%,1080-1260,22-27,www.umw.edu
#205,Virginia Military Institute,"Lexington, VA",Public,"1,722","1,766","$19,905","$14,434","$56,288","$120,600",53%,1100-1280,23-28,www.vmi.edu
#206,Clark University (MA),"Worcester, MA",Private,"2,476","3,153","$27,004","$24,329","$55,010","$101,400",56%,N/A,N/A,www.clarku.edu
#207,Clarkson University,"Potsdam, NY",Private,"3,335","4,233","$30,563","$32,540","$66,106","$130,100",66%,1143-1330,24-29,www.clarkson.edu
#208,Illinois Institute of Technology,"Chicago, IL",Private,"3,227","7,164","$22,098","$34,485","$63,749","$118,500",54%,1230-1410,25-31,www.iit.edu
#209,Centre College,"Danville, KY",Private,"1,443","1,450","$23,237","$26,184","$53,910","$88,500",76%,1170-1410,26-31,www.centre.edu
#210,University of San Francisco,"San Francisco, CA",Private,"7,495","11,063","$32,210","$27,943","$65,980","$109,900",66%,1100-1290,22-28,www.usfca.edu
#211,Iowa State University,"Ames, IA",Public,"32,814","36,158","$14,331","$7,882","$34,442","$101,300",89%,1160-1410,22-28,www.iastate.edu
#212,Louisiana State University,"Baton Rouge, LA",Public,"27,658","30,861","$18,181","$9,304","$46,381","$102,900",74%,1060-1290,23-28,www.lsu.edu
#213,Willamette University,"Salem, OR",Private,"2,181","2,498","$28,327","$27,489","$62,262","$97,700",89%,N/A,N/A,www.willamette.edu
#214,Gustavus Adolphus College,"St. Peter, MN",Private,"2,181","2,263","$20,050","$24,333","$55,800","$96,800",68%,N/A,N/A,https://gustavus.edu
#215,Quinnipiac University,"Hamden, CT",Private,"7,704","10,200","$38,695","$22,460","$63,770","$97,700",74%,1080-1260,23-27,www.quinnipiac.edu
#216,Butler University,"Indianapolis, IN",Private,"4,311","5,145","$36,413","$16,348","$56,740","$99,300",65%,1150-1320,25-30,www.butler.edu
#217,"SUNY, College of Environmental Science and Forestry","Syracuse, NY",Public,"1,825","2,213","$17,923","$7,628","$36,953","$97,000",52%,1150-1300,24-28,www.esf.edu
#218,University of Arizona,"Tucson, AZ",Public,"36,862","43,751","$14,744","$11,272","$51,707","$101,000",84%,N/A,N/A,www.arizona.edu
#219,"University of Missouri, Columbia","Columbia, MO",Public,"27,923","30,844","$18,602","$9,316","$43,330","$98,600",78%,1120-1350,23-29,www.missouri.edu
#220,The Citadel,"Charleston, SC",Public,"3,043","3,717","$17,935","$11,281","$50,506","$108,100",81%,1020-1220,20-25,www.citadel.edu/root
#221,University of Washington Bothell,"Bothell, WA",Public,"5,981","6,175","$9,822","$12,946","$51,348","$108,000",80%,1030-1230,19-26,https://www.uwb.edu
#222,Emerson College,"Boston, MA",Private,"4,088","4,459","$43,965","$20,323","$65,324","$94,300",46%,1200-1360,26-30,www.emerson.edu
#223,"Colorado State University, Fort Collins","Fort Collins, CO",Public,"28,404","33,083","$17,058","$8,221","$43,437","$96,100",83%,1100-1300,22-28,www.colostate.edu
#224,"University of Tennessee, Knoxville","Knoxville, TN",Public,"23,803","28,321","$19,335","$8,903","$49,350","$95,100",77%,1140-1310,24-30,www.utk.edu
#225,Taylor University,"Upland, IN",Private,"2,145","2,831","$24,525","$17,726","$45,330","$90,600",87%,1045-1290,22-29,www.taylor.edu
#226,Drexel University,"Philadelphia , PA",Private,"17,789","24,190","$37,427","$28,767","$68,792","$114,800",79%,1160-1360,24-30,www.drexel.edu
#227,Stonehill College,"Easton, MA",Private,"2,498","2,536","$32,911","$22,865","$59,560","$103,200",72%,N/A,N/A,www.stonehill.edu
#228,University of South Florida,"Tampa, FL",Public,"37,076","43,540","$11,700","$7,937","$32,324","$91,300",45%,1150-1310,24-29,www.usf.edu
#229,St. Mary's College of Maryland,"St. Mary's City, MD",Public,"1,598","1,746","$21,025","$8,414","$45,130","$95,400",82%,1070-1290,22-28,www.smcm.edu
#230,Bard College,"Annandale-on-Hudson, NY",Private,"2,101","2,293","$26,766","$39,096","$70,562","$90,600",58%,N/A,N/A,www.bard.edu
#231,Washington State University,"Pullman, WA",Public,"27,917","30,614","$16,314","$8,572","$41,675","$103,700",73%,1020-1220,20-26,www.wsu.edu
#232,Truman State University,"Kirksville, MO",Public,"6,272","6,289","$12,537","$8,778","$27,878","$85,800",67%,1185-1420,24-30,www.truman.edu
#233,Illinois Wesleyan University,"Bloomington, IL",Private,"1,649","1,791","$26,976","$26,421","$58,830","$96,000",61%,1195-1395,24-29,www.iwu.edu
#234,"St. John's College, Annapolis","Annapolis, MD",Private,445,513,"$26,808","$33,723","$65,409",N/A,54%,1280-1450,26-32,stjohnscollege.edu
#235,"SUNY, Geneseo","Geneseo, NY",Public,"5,652","5,792","$18,879","$6,708","$34,740","$93,300",72%,1120-1300,24-29,geneseo.edu
#236,Westmont College,"Santa Barbara, CA",Private,"1,300","1,356","$31,039","$26,711","$60,930","$102,400",85%,1130-1380,23-30,www.westmont.edu
#237,Cedarville University,"Cedarville, OH",Private,"3,666","3,886","$21,490","$14,155","$39,194","$87,300",71%,1130-1350,23-29,www.cedarville.edu
#238,University of the Pacific (CA),"Stockton, CA",Private,"3,639","6,255","$29,171","$26,884","$64,796","$109,300",65%,1070-1330,22-30,www.pacific.edu
#239,"University of Nebraska, Lincoln","Lincoln, NE",Public,"22,012","26,079","$17,784","$8,538","$40,182","$96,700",64%,1100-1380,22-29,www.unl.edu
#240,"University of Texas, Dallas","Richardson, TX",Public,"18,764","27,642","$14,763","$14,321","$45,488","$100,900",76%,1220-1430,26-32,www.utdallas.edu
#241,Rollins College,"Winter Park, FL",Private,"2,894","3,278","$30,194","$30,057","$67,775","$87,000",64%,N/A,N/A,www.rollins.edu
#242,University of Central Florida,"Orlando, FL",Public,"65,100","66,059","$15,286","$5,757","$38,353","$88,600",50%,1150-1320,24-29,www.ucf.edu
#243,Ithaca College,"Ithaca, NY",Private,"6,488","6,516","$33,848","$25,073","$61,339","$98,600",71%,N/A,N/A,www.ithaca.edu
#244,DePaul University,"Chicago, IL",Private,"17,838","22,769","$30,502","$20,387","$56,275","$102,900",72%,N/A,N/A,www.depaul.edu/Pages/default.aspx
#245,Missouri University of Science and Technology,"Rolla, MO",Public,"7,192","8,883","$14,473","$8,975","$38,684","$122,600",84%,1100-1340,25-31,www.mst.edu
#246,University of New Hampshire,"Durham, NH",Public,"13,688","15,363","$24,529","$12,539","$47,570","$100,300",77%,1070-1260,23-28,www.unh.edu
#247,Hope College,"Holland, MI",Private,"3,150","3,281","$26,175","$15,907","$45,410","$90,900",74%,1090-1320,24-29,hope.edu
#248,Loyola University Chicago,"Chicago, IL",Private,"12,864","16,673","$33,036","$22,016","$59,958","$96,000",71%,1120-1310,24-29,www.luc.edu
#249,Seton Hall University,"South Orange, NJ",Private,"6,260","9,801","$27,563","$24,710","$57,090","$103,800",73%,1140-1280,24-28,www.shu.edu
#250,College of Wooster,"Wooster, OH",Private,"1,980","2,122","$25,442","$30,851","$61,900","$91,300",56%,1150-1380,24-30,wooster.edu
#251,University of Scranton,"Scranton, PA",Private,"3,893","5,373","$35,298","$22,094","$61,096","$99,700",75%,1080-1280,23-28,www.scranton.edu
#252,University of Alabama,"Tuscaloosa, AL",Public,"35,625","38,563","$21,973","$16,494","$46,744","$97,400",53%,1050-1280,23-32,www.ua.edu
#253,College of Saint Benedict,"St. Joseph, MN",Private,"1,937","2,022","$25,020","$28,210","$56,880","$88,600",81%,1010-1220,22-28,www.csbsju.edu
#254,Saint John's University (MN),"Collegeville, MN",Private,"1,815","1,816","$23,977","$27,780","$55,872","$108,400",80%,970-1190,22-27,www.csbsju.edu/About/Saint-Johns-University.htm
#255,California Lutheran University,"Thousand Oaks, CA",Private,"3,207","4,236","$25,871","$27,282","$59,877","$95,000",73%,1060-1230,21-27,www.callutheran.edu
#256,"Embry-Riddle Aeronautical University, Prescott","Prescott, AZ",Private,"2,543","2,663","$32,898","$15,756","$51,036","$117,900",77%,1130-1350,23-29,www.prescott.erau.edu
#257,Beloit College,"Beloit, WI",Private,"1,402","1,509","$13,972","$30,344","$59,442","$85,700",54%,N/A,N/A,www.beloit.edu
#258,Western Washington University,"Bellingham, WA",Public,"15,915","16,246","$16,220","$6,500","$38,067","$99,300",85%,1080-1280,22-28,www.wwu.edu
#259,Rockhurst University,"Kansas City, MO",Private,"2,176","3,043","$22,901","$26,031","$51,631","$92,500",72%,1050-1230,22-27,www.rockhurst.edu
#260,University of Kansas,"Lawrence, KS",Public,"20,894","27,625","$18,814","$9,205","$41,074","$98,600",93%,N/A,23-28,www.ku.edu
#261,Oregon State University,"Corvallis, OR",Public,"29,777","30,896","$20,493","$8,263","$44,706","$104,800",79%,1070-1300,22-28,oregonstate.edu
#262,"University of Maryland, Baltimore County","Baltimore, MD",Public,"12,702","13,662","$20,539","$9,402","$41,674","$103,600",60%,1140-1360,24-29,https://www.umbc.edu
#263,Point Loma Nazarene University,"San Diego, CA",Private,"3,313","4,417","$31,452","$16,687","$49,844","$90,100",76%,1100-1290,23-28,https://www.pointloma.edu
#264,Wheaton College (MA),"Norton, MA",Private,"1,688","1,695","$27,875","$31,592","$65,818","$97,500",48%,1150-1350,26-30,wheatoncollege.edu
#265,New School,"New York, NY",Private,"8,911","10,389","$40,819","$19,358","$69,475","$101,700",62%,1100-1310,24-28,www.newschool.edu
#266,Calvin University,"Grand Rapids, MI",Private,"3,840","4,232","$25,596","$18,532","$46,790","$91,100",83%,1100-1330,23-30,https://www.calvin.edu
#267,Christopher Newport University,"Newport News, VA",Public,"5,001","5,081","$22,351","$5,737","$41,876","$87,200",72%,N/A,N/A,cnu.edu
#268,New Jersey Institute of Technology,"Newark, NJ",Public,"9,366","11,446","$19,409","$13,782","$51,518","$121,300",61%,1190-1370,24-30,www.njit.edu
#269,Juniata College,"Huntingdon, PA",Private,"1,495","1,638","$24,795","$29,639","$58,165","$93,100",71%,N/A,N/A,www.juniata.edu
#270,College of the Ozarks,"Point Lookout, MO",Private,"1,508","1,773","$8,352","$15,362","$29,539","$71,100",13%,1088-1235,21-26,www.cofo.edu
#271,University of Arkansas,"Fayetteville, AR",Public,"24,344","27,558","$16,069","$6,629","$40,162","$98,000",66%,1110-1280,23-29,www.uark.edu
#272,"California State University, Long Beach","Long Beach, CA",Public,"34,415","37,622","$9,423","$8,454","$35,946","$101,700",28%,1020-1230,20-26,www.csulb.edu
#273,"California State Polytechnic University, Pomona","Pomona, CA",Public,"24,747","26,053","$13,068","$7,957","$37,937","$110,800",55%,1010-1230,20-27,www.csupomona.edu
#274,"CUNY, Queens College","Queens, NY",Public,"19,866","20,379","$3,318","$9,104","$35,692","$96,700",43%,1060-1220,N/A,www.qc.cuny.edu/Pages/home.aspx
#275,University of Redlands,"Redlands, CA",Private,"3,556","4,898","$29,520","$30,419","$67,024","$102,400",75%,1070-1250,23-28,www.redlands.edu
#276,Michigan Technological University,"Houghton, MI",Public,"6,148","7,292","$15,481","$11,959","$46,344","$116,300",74%,1160-1340,25-30,www.mtu.edu
#277,New College of Florida,"Sarasota, FL",Public,859,885,"$10,248","$9,341","$43,678","$86,500",69%,1190-1380,25-30,www.ncf.edu
#278,University of Dallas,"Irving, TX",Private,"1,505","2,510","$23,663","$25,952","$54,876","$96,400",47%,1140-1370,24-31,www.udallas.edu
#279,"University of Illinois, Chicago","Chicago, IL",Public,"19,476","30,539","$13,866","$13,415","$43,518","$103,800",77%,1080-1330,20-26,www.uic.edu/uic
#280,Wabash College,"Crawfordsville, IN",Private,848,864,"$21,870","$28,547","$54,600","$114,400",63%,1070-1280,23-28,www.wabash.edu
#281,Washington College,"Chestertown, MD",Private,"1,484","1,520","$28,943","$26,844","$61,010","$93,500",48%,N/A,N/A,www.washcoll.edu
#282,Saint Michael's College,"Colchester, VT",Private,"2,077","2,126","$30,142","$23,373","$57,560","$98,500",85%,N/A,N/A,www.smcvt.edu
#283,The Catholic University of America,"Washington, DC",Private,"3,323","6,023","$32,731","$24,577","$62,482","$105,100",83%,N/A,N/A,www.cua.edu
#284,Massachusetts Maritime Academy,"Buzzards Bay, MA",Public,"1,780","1,811","$18,027","$10,571","$43,085","$117,500",83%,1040-1200,21-25,https://www.maritime.edu
#285,Siena College,"Loudonville, NY",Private,"3,226","3,288","$27,588","$24,332","$53,855","$101,500",78%,N/A,N/A,www.siena.edu/pages/1.asp
#286,Bennington College,"Bennington, VT",Private,782,851,"$29,815","$35,753","$70,760","$90,000",57%,N/A,N/A,www.bennington.edu/Home.aspx
#287,John Carroll University,"University Heights, OH",Private,"3,273","3,545","$25,017","$25,797","$55,820","$97,300",85%,1000-1140,22-27,sites.jcu.edu
#288,Saint Mary's College (IN),"Notre Dame, IN",Private,"1,637","1,690","$23,244","$25,970","$55,200","$89,300",78%,1030-1250,23-29,https://www.saintmarys.edu
#289,Seattle Pacific University,"Seattle, WA",Private,"3,359","3,783","$30,299","$23,350","$56,485","$103,400",91%,1060-1280,21-27,www.spu.edu
#290,"University at Albany, SUNY","Albany, NY",Public,"14,939","17,743","$18,093","$9,096","$40,562","$101,700",54%,1080-1260,22-26,www.albany.edu
#291,Messiah College,"Mechanicsburg, PA",Private,"2,866","3,331","$27,200","$18,110","$47,930","$93,100",77%,1100-1310,22-29,www.messiah.edu
#292,Hofstra University,"Hempstead, NY",Private,"7,438","11,131","$32,240","$24,541","$61,260","$110,400",64%,1130-1310,24-29,hofstra.edu
#293,Biola University,"La Mirada, CA",Private,"4,256","6,172","$31,492","$18,028","$54,516","$92,500",72%,1063-1298,21-28,www.biola.edu
#294,Duquesne University,"Pittsburgh, PA",Private,"6,467","9,190","$28,961","$19,545","$52,108","$96,100",72%,1120-1270,24-29,www.duq.edu
#295,San Jose State University,"San Jose, CA",Public,"27,394","35,835","$14,627","$8,545","$40,046","$114,700",67%,1000-1210,19-26,www.sjsu.edu
#296,Ursinus College,"Collegeville, PA",Private,"1,507","1,576","$29,219","$32,962","$66,242","$101,800",78%,1110-1310,24-30,www.ursinus.edu
#297,Saint Mary's College of California,"Moraga, CA",Private,"3,018","3,913","$33,570","$29,572","$65,524","$110,800",82%,1060-1240,22-27,www.stmarys-ca.edu
#298,Regis University,"Denver, CO",Private,"5,127","8,341","$23,672","$21,367","$51,202","$94,800",60%,1070-1266,20-26,www.regis.edu
#299,Temple University,"Philadelphia, PA",Public,"31,739","39,967","$23,366","$10,739","$44,190","$95,900",57%,N/A,N/A,www.temple.edu
#300,"California State University, Fullerton","Fullerton, CA",Public,"38,279","40,905","$8,737","$8,436","$39,222","$98,400",46%,1020-1180,19-24,www.fullerton.edu
#301,"CUNY, Hunter College","New York, NY",Public,"20,626","23,005","$3,170","$8,039","$29,454","$94,500",40%,1120-1290,N/A,www.hunter.cuny.edu/main
#302,Ohio Northern University,"Ada, OH",Private,"2,310","3,088","$23,100","$20,796","$46,118","$103,900",66%,1130-1310,22-28,www.onu.edu
#303,Maryland Institute College of Art,MD,Private,"2,041","2,128","$38,763","$18,939","$62,850","$84,500",62%,1060-1290,24-29,N/A
#304,Bradley University,"Peoria, IL",Private,"4,669","5,844","$24,814","$19,250","$46,680","$104,900",71%,1080-1290,22-28,www.bradley.edu
#305,Appalachian State University,"Boone, NC",Public,"17,811","18,811","$13,691","$8,312","$33,819","$82,700",70%,1100-1270,23-27,www.appstate.edu
#306,University of Houston,"Houston, TX",Public,"40,813","45,364","$16,392","$9,530","$37,306","$103,900",61%,1110-1280,23-27,www.uh.edu
#307,Transylvania University,"Lexington, KY",Private,966,983,"$25,405","$21,960","$50,550","$85,600",95%,N/A,N/A,https://www.transy.edu
#308,University of Kentucky,"Lexington, KY",Public,"23,718","29,465","$18,527","$9,387","$45,634","$96,400",96%,1080-1330,22-28,www.uky.edu
#309,California State University Maritime Academy,"Vallejo, CA",Public,"1,090","1,181","$16,416","$7,716","$39,962","$129,600",66%,N/A,N/A,https://www.csum.edu/web/mycampus/home;jsessionid=788be41b906ebd9485432c0ba641d830
#310,Presbyterian College,"Clinton, SC",Private,"1,135","1,280","$18,504","$31,372","$51,910","$89,900",65%,1020-1250,21-27,www.presby.edu
#311,Texas Tech University,"Lubbock, TX",Public,"32,154","36,996","$17,134","$6,632","$33,425","$106,500",69%,1070-1240,22-27,www.texastech.edu
#312,"Embry-Riddle Aeronautical University, Daytona Beach","Daytona Beach, FL",Private,"5,777","6,338","$33,120","$15,100","$51,828","$111,200",75%,1080-1310,22-28,daytonabeach.erau.edu
#313,University of Cincinnati,"Cincinnati, OH",Public,"28,857","37,155","$22,828","$7,045","$44,490","$97,300",76%,1120-1340,23-28,www.uc.edu
#314,Hampden-Sydney College,"Hampden-Sydney, VA",Private,"1,046","1,054","$31,337","$26,751","$60,360","$108,600",55%,1050-1265,21-27,www.hsc.edu
#315,Southwestern University,"Georgetown, TX",Private,"1,396","1,536","$24,993","$25,506","$54,330","$93,500",43%,1110-1320,23-29,www.southwestern.edu
#316,Whitworth University,"Spokane, WA",Private,"2,342","2,627","$28,229","$26,020","$57,824","$88,800",89%,1090-1310,23-29,www.whitworth.edu
#317,Franciscan University of Steubenville,"Steubenville, OH",Private,"2,230","2,929","$23,699","$10,971","$37,790","$86,200",83%,1080-1300,23-28,www.franciscan.edu
#318,Belmont University,"Nashville, TN",Private,"6,636","8,012","$34,819","$13,488","$50,740","$80,900",81%,1140-1310,24-29,www.belmont.edu
#319,Saint Anselm College,"Manchester, NH",Private,"1,964","1,995","$31,268","$23,338","$56,846","$100,300",76%,1140-1300,24-28,www.anselm.edu
#320,Towson University,"Towson, MD",Public,"21,615","22,705","$17,893","$8,815","$38,754","$91,200",77%,1055-1210,21-25,www.towson.edu
#321,University of Evansville,"Evansville, IN",Private,"2,516","2,537","$20,517","$26,391","$50,868","$89,900",70%,1020-1255,22-29,www.evansville.edu
#322,Earlham College,"Richmond, IN",Private,"1,072","1,128","$19,454","$36,987","$58,670","$88,400",52%,1190-1400,25-30,earlham.edu
#323,College of Charleston,"Charleston, SC",Public,"10,863","11,322","$19,311","$9,018","$48,057","$85,100",80%,1070-1230,22-27,www.cofc.edu
#324,Dordt University,"Sioux Center, IA",Private,"1,533","1,579","$23,792","$16,673","$43,800","$89,600",72%,1050-1320,22-28,www.dordt.edu
#325,Xavier University,"Cincinnati, OH",Private,"4,893","6,786","$30,019","$20,690","$52,380","$94,000",74%,1060-1240,22-28,www.xavier.edu
#326,Milwaukee School of Engineering,"Milwaukee, WI",Private,"2,779","2,823","$21,328","$25,716","$52,046","$117,600",63%,1153-1360,25-30,www.msoe.edu/home
#327,Pacific Lutheran University,"Tacoma, WA",Private,"2,942","3,122","$24,034","$26,984","$54,800","$98,100",75%,1040-1270,21-27,www.plu.edu
#328,Pratt Institute,"Brooklyn, NY",Private,"4,050","5,035","$43,969","$20,362","$65,308","$102,300",57%,1040-1290,24-29,https://www.pratt.edu
#329,Kettering University,"Flint, MI",Private,"2,129","2,311","$37,247","$18,564","$59,227","$125,000",70%,1190-1350,24-29,https://www.kettering.edu
#330,St. Joseph's College (NY),"Brooklyn, NY",Private,"1,085","1,176","$16,973","$14,686","$39,050","$86,900",68%,868-1060,18-22,www.sjcny.edu
#331,Knox College,"Galesburg, IL",Private,"1,356","1,376","$22,998","$29,331","$56,554","$95,400",72%,N/A,N/A,www.knox.edu
#332,Master's University,"Santa Clarita, CA",Private,"1,551","1,946","$26,292","$18,498","$47,766","$86,600",66%,1030-1240,20-23,www.masters.edu
#333,SUNY Maritime College,"Throggs Neck, NY",Public,"1,778","1,794","$18,413","$7,134","$34,958","$140,700",69%,1100-1253,22-26,www.sunymaritime.edu
#334,"University of Wisconsin, La Crosse","La Crosse, WI",Public,"10,480","10,548","$14,424","$2,975","$26,055","$88,300",73%,N/A,22-26,www.uwlax.edu
#335,"California State University, Chico","Chico, CA",Public,"17,732","17,875","$14,703","$8,615","$36,300","$105,100",68%,990-1170,19-25,www.csuchico.edu
#336,"University of North Carolina, Wilmington","Wilmington, NC",Public,"16,060","16,487","$18,093","$5,471","$38,678","$80,500",67%,1185-1310,23-27,uncw.edu
#337,Rochester Institute of Technology,"Rochester, NY",Private,"15,217","16,584","$30,187","$21,055","$54,714","$106,600",57%,1190-1380,26-32,www.rit.edu
#338,Wagner College,"Staten Island, NY",Private,"1,858","2,271","$30,106","$26,903","$62,203","$105,900",70%,N/A,N/A,wagner.edu
#339,Hendrix College,"Conway, AR",Private,"1,249","1,354","$20,695","$35,974","$60,096","$90,300",80%,1100-1410,24-31,www.hendrix.edu
#340,Illinois State University,"Normal, IL",Public,"20,115","20,784","$21,345","$9,124","$40,036","$95,000",89%,N/A,21-26,www.illinoisstate.edu
#341,Ramapo College of New Jersey,"Mahwah, NJ",Public,"6,120","6,466","$21,316","$11,907","$39,973","$95,200",57%,1050-1230,21-26,https://www.ramapo.edu
#342,Westminster College (UT),"Salt Lake City, UT",Private,"2,422","2,570","$21,109","$20,070","$47,784","$92,200",93%,1060-1267,21-28,https://www.westminstercollege.edu
#343,Mills College,"Oakland, CA",Private,869,"1,310","$24,558","$35,560","$63,767","$91,200",87%,N/A,N/A,www.mills.edu
#344,Luther College,"Decorah, IA",Private,"2,053","2,214","$25,273","$26,533","$54,045","$85,900",65%,1023-1305,23-28,www.luther.edu
#345,Virginia Commonwealth University,"Richmond, VA",Public,"26,355","30,675","$21,655","$9,187","$51,204","$88,200",84%,1070-1260,21-27,www.vcu.edu
#346,St. Norbert College,"De Pere, WI",Private,"2,162","2,165","$24,930","$20,123","$48,110","$88,700",79%,1110-1230,22-27,www.snc.edu
#347,University of Wyoming,"Laramie, WY",Public,"10,874","12,397","$13,070","$7,422","$31,387","$98,800",97%,1040-1290,22-27,www.uwyo.edu
#348,Austin College,"Sherman, TX",Private,"1,228","1,288","$21,011","$29,820","$53,784","$93,100",52%,1160-1360,23-29,www.austincollege.edu
#349,"University of Nevada, Reno","Reno, NV",Public,"20,196","21,657","$14,505","$5,672","$38,398","$95,000",88%,1070-1260,21-26,www.unr.edu
#350,Simmons College,"Boston, MA",Private,"1,825","6,283","$28,308","$26,660","$58,230","$94,300",60%,1130-1310,24-29,www.simmons.edu
#351,Allegheny College,"Meadville, PA",Private,"1,802","1,957","$22,927","$33,282","$61,120","$93,500",68%,1140-1320,23-29,allegheny.edu
#352,Bethel University,"Saint Paul, MN",Private,"3,006","3,797","$27,151","$19,821","$50,350","$85,700",83%,1030-1360,21-27,www.bethel.edu
#353,Adelphi University,"Garden City, NY",Private,"5,768","7,978","$28,322","$20,425","$56,358","$96,400",73%,1060-1240,22-27,www.adelphi.edu
#354,"SUNY, College at New Paltz","New Paltz, NY",Public,"7,565","7,709","$16,192","$8,061","$34,080","$85,200",44%,1100-1260,23-28,www.newpaltz.edu
#355,Wentworth Institute of Technology,"Boston, MA",Private,"4,457","4,543","$36,690","$13,455","$54,071","$112,700",92%,1080-1270,22-28,https://wit.edu
#356,Drew University,"Madison, NJ",Private,"1,678","2,117","$26,218","$35,351","$66,486","$95,000",63%,N/A,N/A,www.drew.edu
#357,Gordon College,"Wenham, MA",Private,"1,784","1,963","$28,240","$17,558","$49,940","$91,300",89%,1050-1290,22-29,www.gordon.edu
#358,Oklahoma State University,"Stillwater, OK",Public,"23,241","25,295","$14,824","$9,874","$38,686","$98,600",74%,1070-1260,22-28,okstate.edu
#359,Millsaps College,"Jackson, MS",Private,859,871,"$22,292","$29,468","$55,322","$88,700",49%,1110-1320,22-28,www.millsaps.edu
#360,Georgia College &amp; State University,"Milledgeville, GA",Public,"6,804","6,952","$19,686","$7,252","$46,834","$80,300",79%,1100-1260,23-27,www.gcsu.edu
#361,Rowan University,"Glassboro, NJ",Public,"16,047","18,484","$23,692","$9,357","$39,526","$91,200",69%,1050-1260,22-28,www.rowan.edu
#362,"CUNY, Brooklyn College","Brooklyn, NY",Public,"17,679","17,803","$4,211","$9,250","$34,942","$97,800",40%,1050-1210,N/A,www.brooklyn.cuny.edu
#363,John Brown University,"Siloam Springs, AR",Private,"2,230","2,613","$22,583","$15,476","$38,834","$82,700",76%,1080-1310,24-29,www.jbu.edu
#364,Florida International University,"Miami, FL",Public,"55,835","56,718","$12,503","$6,471","$36,086","$90,100",54%,1080-1240,22-27,www.fiu.edu
#365,Salisbury University,"Salisbury, MD",Public,"8,714","8,721","$18,792","$5,527","$34,102","$89,800",65%,N/A,N/A,www.salisbury.edu
#366,Kansas State University,"Manhattan, KS",Public,"21,022","22,795","$17,926","$6,435","$39,696","$97,200",94%,N/A,N/A,www.k-state.edu
#367,Concordia College—Moorhead,"Moorhead, MN",Private,"2,059","2,140","$23,393","$23,456","$49,488","$85,200",62%,1055-1305,22-28,www.concordiacollege.edu
#368,"University of Wisconsin, Eau Claire","Eau Claire, WI",Public,"10,904","10,944","$16,188","$3,449","$27,990","$93,600",76%,N/A,21-26,www.uwec.edu
#369,North Dakota State University,"Fargo, ND",Public,"12,915","14,358","$15,265","$4,666","$33,478","$98,600",92%,1060-1328,21-26,www.ndsu.edu
#370,Sacred Heart University,"Fairfield, CT",Private,"5,937","8,543","$39,973","$15,472","$58,440","$100,500",60%,N/A,N/A,https://www.sacredheart.edu
#371,Hanover College,"Hanover, IN",Private,"1,089","1,103","$21,898","$26,000","$50,450","$85,100",84%,1070-1260,22-27,www.hanover.edu
#372,Florida Institute of Technology,"Melbourne, FL",Private,"3,943","6,402","$31,592","$23,760","$59,650","$105,400",63%,1130-1320,24-29,www.fit.edu
#373,Hampshire College,"Amherst, MA",Private,"1,268","1,382","$29,416","$30,632","$67,114","$92,300",63%,N/A,N/A,www.hampshire.edu
#374,Saint John Fisher College,"Rochester, NY",Private,"2,976","3,776","$27,022","$17,631","$47,770","$86,700",65%,1060-1230,22-26,www.sjfc.edu
#375,"University of Minnesota, Morris","Morris, MN",Public,"1,627","1,912","$11,051","$11,572","$25,942","$85,300",64%,1150-1390,22-28,www.morris.umn.edu
#376,Roger Williams University,"Bristol, RI",Private,"5,024","5,472","$35,100","$13,685","$52,700","$92,700",82%,N/A,N/A,rwu.edu
#377,La Salle University,"Philadelphia, PA",Private,"3,896","5,197","$25,937","$27,431","$45,476","$104,800",79%,N/A,N/A,www.lasalle.edu
#378,Lebanon Valley College,"Annville, PA",Private,"1,784","1,910","$27,137","$26,230","$57,390","$93,100",73%,1063-1250,22-26,www.lvc.edu
#379,Assumption College,"Worcester, MA",Private,"2,318","2,481","$28,285","$20,777","$54,594","$95,700",79%,N/A,N/A,https://www.assumption.edu
#380,Merrimack College,"North Andover, MA",Private,"3,786","4,191","$32,442","$20,113","$57,865","$102,500",82%,N/A,N/A,www.merrimack.edu/index.php
#381,Grove City College,"Grove City, PA",Private,"2,373","2,383",N/A,"$6,843","$28,504","$98,400",80%,1071-1249,23-32,www.gcc.edu
#382,University of St. Thomas (TX),"Houston, TX",Private,"1,979","3,168","$17,309","$23,263","$46,506","$92,000",81%,1070-1235,21-27,https://www.stthom.edu/home/index.aqf
#383,Le Moyne College,"Syracuse, NY",Private,"3,148","3,431","$23,130","$22,291","$49,995","$91,700",64%,1080-1240,22-27,www.lemoyne.edu
#384,St. Edward's University,"Austin, TX",Private,"4,300","4,447","$22,968","$28,957","$58,700","$89,100",84%,1080-1250,22-28,www.stedwards.edu/contactus
#385,"University of Hawaii, Manoa","Honolulu, HI",Public,"15,299","17,612","$15,307","$7,227","$51,550","$91,600",83%,1050-1240,21-26,manoa.hawaii.edu
#386,Augustana College,"Rock Island, IL",Private,"2,591","2,647","$24,745","$27,532","$53,422","$88,900",59%,N/A,N/A,augustana.edu
#387,Covenant College,"Lookout Mountain, GA",Private,"1,017","1,068","$22,202","$21,187","$45,920","$79,400",95%,1130-1350,24-30,www.covenant.edu
#388,Howard University,"Washington, DC",Private,"6,156","9,392","$23,424","$20,427","$43,201","$101,300",41%,1090-1290,22-28,www.howard.edu
#389,Union University (TN),"Jackson, TN",Private,"2,853","3,377","$22,839","$24,075","$51,790","$83,000",60%,1070-1320,23-29,www.uu.edu
#390,Iona College,"New Rochelle, NY",Private,"3,649","3,792","$26,717","$23,110","$55,864","$106,200",92%,980-1180,20-25,www.iona.edu
#391,Lipscomb University,"Nashville, TN",Private,"3,705","4,642","$24,279","$18,955","$47,734","$84,800",60%,1060-1330,23-29,https://www.lipscomb.edu
#392,Carroll College,"Helena, MT",Private,"1,362","1,415","$26,297","$20,475","$48,538","$91,400",78%,1080-1270,22-28,www.carroll.edu
#393,Berry College,"Mount Berry, GA",Private,"2,110","2,138","$24,165","$21,883","$50,632","$84,900",62%,1120-1300,24-29,www.berry.edu
#394,Elizabethtown College,"Elizabethtown, PA",Private,"1,735","1,766","$28,222","$27,431","$58,490","$89,700",74%,1070-1280,22-27,www.etown.edu
#395,College of St. Scholastica,"Duluth, MN",Private,"3,143","4,276","$23,935","$23,314","$49,104","$86,800",68%,1020-1300,19-27,css.edu
#396,Augustana University,"Sioux Falls, SD",Private,"1,743","2,080","$18,446","$21,816","$45,458","$88,400",68%,1070-1290,23-29,www.augie.edu
#397,Louisiana Tech University,"Ruston, LA",Public,"12,708","12,839","$10,774","$10,650","$29,277","$100,700",65%,870-1100,22-27,www.latech.edu
#398,George Fox University,"Newberg, OR",Private,"2,821","4,076","$28,366","$17,754","$48,902","$89,600",82%,1050-1270,21-27,www.georgefox.edu
#399,University of North Dakota,"Grand Forks, ND",Public,"13,957","14,406","$15,056","$4,640","$33,017","$96,000",83%,1050-1270,21-26,und.edu
#400,Pace University,"New York, NY",Private,"10,063","12,986","$29,588","$28,509","$64,982","$107,800",80%,1040-1220,21-27,www.pace.edu
#401,University of Mississippi,"University, MS",Public,"20,940","23,136","$13,929","$9,642","$40,086","$89,100",84%,1070-1290,22-29,www.olemiss.edu
#402,California Institute of the Arts,CA,Private,991,"1,498","$46,101","$15,401","$68,993","$91,000",24%,N/A,N/A,N/A
#403,Linfield College,"McMinnville, OR",Private,"1,535","1,692","$27,254","$25,864","$56,712","$92,000",81%,1020-1210,20-26,www.linfield.edu
#404,Berklee College of Music,MA,Private,"6,762","6,952","$47,270","$19,811","$63,574","$84,200",53%,N/A,N/A,N/A
#405,University of Northern Iowa,"Cedar Falls, IA",Public,"11,334","11,861","$16,496","$4,677","$31,872","$85,300",81%,1080-1360,21-26,www.uni.edu
#406,New Mexico Institute of Mining and Technology,"Socorro, NM",Public,"1,707","2,009","$13,694","$6,883","$35,153","$120,400",22%,1190-1390,23-29,www.nmt.edu
#407,St. John's University (NY),"Queens, NY",Private,"17,861","21,340","$25,747","$25,628","$59,865","$106,600",68%,1060-1250,22-29,www.stjohns.edu/contact.stj
#408,University of Massachusetts Lowell,"Lowell, MA",Public,"16,407","18,315","$19,322","$9,817","$46,983","$109,300",69%,1130-1310,24-29,www.uml.edu
#409,South Dakota School of Mines and Technology,"Rapid City, SD",Public,"2,778","2,885","$19,759","$4,230","$28,770","$118,500",83%,1150-1353,24-29,https://www.sdsmt.edu
#410,Goucher College,"Baltimore, MD",Private,"1,508","2,236","$25,306","$29,040","$59,810","$90,600",79%,N/A,N/A,www.goucher.edu
#411,"CUNY, The City College of New York","New York, NY",Public,"15,842","16,001","$2,540","$9,669","$36,674","$99,100",46%,1040-1240,N/A,www.ccny.cuny.edu
#412,Nebraska Wesleyan University,"Lincoln, NE",Private,"2,064","3,703","$23,652","$18,976","$46,544","$80,500",71%,1040-1300,22-28,www.nebrwesleyan.edu
#413,Brigham Young University-Idaho,"Rexburg, ID",Private,"51,881","69,458","$7,977","$4,070","$12,322","$93,500",95%,990-1180,20-25,www.byui.edu
#414,Valparaiso University,"Valparaiso, IN",Private,"3,531","4,026","$21,946","$26,441","$52,980","$98,000",84%,1060-1270,23-29,www.valpo.edu
#415,Lake Forest College,"Lake Forest, IL",Private,"1,542","1,640","$24,628","$31,022","$58,675","$102,600",53%,N/A,N/A,www.lakeforest.edu
#416,Azusa Pacific University,"Azusa, CA",Private,"6,263","9,926","$27,267","$21,186","$52,396","$85,700",60%,990-1220,21-27,www.apu.edu
#417,"California State University, Fresno","Fresno, CA",Public,"23,020","25,325","$5,872","$10,267","$32,311","$97,300",59%,910-1110,16-22,www.fresnostate.edu
#418,West Chester University of Pennsylvania,"West Chester, PA",Public,"15,851","17,306","$22,193","$5,743","$38,253","$92,200",69%,1040-1210,21-26,www.wcupa.edu
#419,Goshen College,"Goshen, IN",Private,921,950,"$19,251","$23,958","$46,500","$79,200",64%,980-1233,19-28,www.goshen.edu
#420,Agnes Scott College,"Decatur, GA",Private,921,981,"$20,356","$29,066","$54,065","$83,600",66%,N/A,N/A,www.agnesscott.edu
#421,Maryville University of Saint Louis,"St. Louis, MO",Private,"3,486","7,689","$23,891","$12,346","$46,076","$80,100",92%,983-1265,21-27,www.maryville.edu
#422,Montclair State University,"Montclair, NJ",Public,"18,785","21,013","$18,500","$9,983","$38,435","$95,400",71%,990-1150,N/A,www.montclair.edu
#423,Oregon Institute of Technology,"Klamath Falls, OR",Public,"5,486","7,358","$17,041","$5,674","$42,093","$106,800",61%,1040-1230,21-26,www.oit.edu
#424,Albion College,"Albion, MI",Private,"1,476","1,568","$17,863","$34,181","$56,750","$99,300",71%,1010-1200,20-26,www.albion.edu
#425,University of North Florida,"Jacksonville, FL",Public,"16,309","16,531","$13,795","$7,267","$35,614","$86,600",59%,1090-1280,21-26,www.unf.edu
#426,San Francisco State University,"San Francisco, CA",Public,"29,485","29,758","$13,787","$8,470","$38,599","$99,500",70%,950-1150,18-24,www.sfsu.edu
#427,Montana State University,"Bozeman, MT",Public,"15,848","16,613","$17,754","$5,661","$38,121","$96,200",83%,1090-1300,21-28,www.montana.edu
#428,High Point University,"High Point, NC",Private,"4,608","4,951","$38,741","$10,331","$51,105","$84,300",81%,1050-1240,21-27,www.highpoint.edu
#429,Whittier College,"Whittier, CA",Private,"1,660","1,987","$25,322","$28,841","$61,409","$95,600",74%,1010-1220,21-27,www.whittier.edu
#430,Eckerd College,"St. Petersburg, FL",Private,"2,037","2,200","$32,718","$23,182","$59,200","$88,400",73%,1060-1260,23-29,www.eckerd.edu
#431,University of Louisville,"Louisville, KY",Public,"18,009","21,402","$16,721","$9,589","$41,472","$87,600",75%,1070-1290,22-28,louisville.edu
#432,Mississippi State University,"Starkville, MS",Public,"19,554","21,883","$16,192","$10,003","$38,410","$94,100",62%,N/A,21-28,www.msstate.edu
#433,University of Tampa,"Tampa, FL",Private,"8,101","8,895","$29,735","$12,304","$43,708","$91,500",53%,1070-1230,22-27,www.ut.edu
#434,"California State University, Stanislaus","Turlock, CA",Public,"9,299","10,327","$6,295","$8,875","$32,434","$94,200",77%,N/A,N/A,www.csustan.edu
#435,University of Idaho,"Moscow, ID",Public,"11,344","12,072","$14,354","$6,993","$37,624","$97,700",73%,1010-1230,20-26,www.uidaho.edu
#436,Cornell College (IA),"Mount Vernon, IA",Private,"1,006","1,009","$24,355","$26,957","$55,954","$90,600",65%,1100-1340,23-29,www.cornellcollege.edu/index.shtml
#437,Washington &amp; Jefferson College,"Washington, PA",Private,"1,412","1,424","$27,925","$29,017","$60,134","$92,100",48%,N/A,N/A,www.washjeff.edu
#438,Ohio University,"Athens, OH",Public,"26,467","29,369","$20,853","$6,291","$36,706","$93,300",74%,1080-1260,22-26,www.ohio.edu
#439,Stetson University,"DeLand, FL",Private,"3,213","4,252","$26,883","$30,974","$61,374","$86,000",68%,N/A,N/A,www.stetson.edu/home
#440,Moravian College,"Bethlehem, PA",Private,"2,195","2,446","$26,838","$25,900","$57,868","$95,300",76%,1010-1210,21-27,www.moravian.edu
#441,Abilene Christian University,"Abilene, TX",Private,"3,806","5,145","$26,037","$18,599","$48,300","$90,900",58%,1025-1220,21-26,www.acu.edu
#442,"University of Minnesota, Duluth","Duluth, MN",Public,"10,490","11,168","$17,131","$7,100","$29,542","$95,700",77%,1050-1280,22-26,www.d.umn.edu
#443,Stockton University,"Galloway, NJ",Public,"9,105","9,216","$20,364","$12,270","$37,234","$85,800",82%,1010-1200,19-25,www.stockton.edu
#444,University of Rhode Island,"Kingston, RI",Public,"16,255","18,089","$19,431","$10,834","$45,735","$99,700",70%,1050-1230,22-27,www.uri.edu
#445,Utah State University,"Logan, UT",Public,"27,679","29,784","$13,279","$8,145","$33,264","$93,900",89%,1000-1220,21-27,www.usu.edu
#446,Saint Mary's University of Minnesota,"Winona, MN",Private,"1,883","5,754","$20,210","$21,359","$45,300","$93,700",64%,960-1210,20-25,www.smumn.edu
#447,McDaniel College,"Westminster, MD",Private,"1,646","2,819","$20,333","$30,807","$55,830","$94,600",85%,1060-1230,21-28,https://www.mcdaniel.edu
#448,North Central College,"Naperville, IL",Private,"2,883","2,965","$23,265","$23,128","$51,228","$92,900",54%,1063-1323,22-27,northcentralcollege.edu/home
#449,Bellarmine University,"Louisville, KY",Private,"2,903","3,757","$24,433","$28,601","$59,306","$90,700",89%,1050-1210,22-27,www.bellarmine.edu
#450,"SUNY, College at Oneonta","Oneonta, NY",Public,"6,150","6,358","$17,513","$7,634","$33,812","$88,000",60%,1040-1190,21-25,www.oneonta.edu/home/default.asp
#451,"SUNY, Farmingdale State College","Farmingdale, NY",Public,"9,574","12,307","$9,443","$7,438","$33,818","$93,800",59%,980-1140,19-23,www.farmingdale.edu
#452,University of New England,"Biddeford, ME",Private,"8,281","8,798","$33,183","$19,228","$54,260","$91,500",81%,1030-1210,21-26,www.une.edu
#453,Susquehanna University,"Selinsgrove, PA",Private,"2,351","2,370","$25,492","$30,386","$59,780","$94,700",70%,N/A,N/A,www.susqu.edu
#454,West Virginia University,"Morgantown, WV",Public,"24,183","28,406","$11,825","$8,964","$37,712","$99,900",72%,1020-1210,21-27,www.wvu.edu
#455,University of La Verne,"La Verne, CA",Private,"6,653","8,159","$25,429","$24,969","$59,826","$90,500",48%,1020-1193,19-25,laverne.edu
#456,"University of Alabama, Birmingham","Birmingham, AL",Public,"13,308","20,902","$17,535","$9,254","$36,800","$87,200",92%,990-1370,21-28,www.uab.edu
#457,Sonoma State University,"Rohnert Park, CA",Public,"9,244","9,481","$17,296","$7,277","$37,914","$97,100",82%,980-1170,19-24,www.sonoma.edu
#458,Canisius College,"Buffalo, NY",Private,"2,861","3,464","$20,913","$26,244","$52,172","$90,000",78%,1040-1260,22-28,www.canisius.edu
#459,Houghton College,"Houghton, NY",Private,"1,043","1,231","$19,325","$22,690","$44,408","$77,900",91%,1060-1320,22-29,www.houghton.edu
#460,Hamline University,"Saint Paul, MN",Private,"2,346","3,734","$21,103","$26,309","$52,178","$90,400",69%,1015-1260,20-26,www.hamline.edu
#461,Ouachita Baptist University,"Arkadelphia, AR",Private,"1,545","1,648","$18,509","$17,776","$37,600","$80,200",71%,1020-1260,21-28,www.obu.edu
#462,Ohio Wesleyan University,"Delaware, OH",Private,"1,560","1,712","$25,194","$31,028","$60,350","$99,200",71%,N/A,N/A,www.owu.edu
#463,Birmingham-Southern College,"Birmingham, AL",Private,"1,283","1,325","$22,853","$26,594","$52,414","$88,300",62%,1030-1260,23-29,www.bsc.edu
#464,Berea College,"Berea, KY",Private,"1,670","1,710","$1,298","$33,422","$35,394","$71,600",35%,970-1200,22-27,www.berea.edu
#465,Roanoke College,"Salem, VA",Private,"2,035","2,087","$27,435","$26,726","$59,327","$85,100",67%,1040-1230,22-27,roanoke.edu
#466,"University of Colorado, Denver","Denver, CO",Public,"19,806","24,839","$14,941","$6,251","$44,114","$95,600",65%,1060-1280,21-27,www.cu.edu
#467,Saint Vincent College,"Latrobe, PA",Private,"1,720","1,865","$20,909","$25,507","$48,879","$88,300",62%,1020-1210,20-26,www.stvincent.edu
#468,Spelman College,"Atlanta, GA",Private,"2,137","2,166","$36,740","$13,647","$51,642","$85,400",40%,1070-1215,22-26,www.spelman.edu
#469,"California State University, Sacramento","Sacramento, CA",Public,"30,445","31,255","$9,733","$8,984","$37,622","$101,100",68%,940-1140,17-23,www.csus.edu
#470,Wittenberg University,"Springfield, OH",Private,"1,884","2,053","$24,263","$26,135","$52,056","$105,400",72%,N/A,N/A,www.wittenberg.edu
#471,South Dakota State University,"Brookings, SD",Public,"12,516","13,103","$23,362","$4,201","$26,052","$91,900",91%,980-1260,20-26,www.sdstate.edu
#472,Coe College,"Cedar Rapids, IA",Private,"1,394","1,476","$20,767","$31,543","$55,240","$86,900",56%,1073-1326,22-28,www.coe.edu
#473,East Carolina University,"Greenville, NC",Public,"25,207","29,131","$15,415","$8,225","$38,277","$85,400",79%,1030-1180,20-24,www.ecu.edu
#474,"California State University, Northridge","Northridge, CA",Public,"37,184","41,319","$5,703","$9,782","$34,007","$97,300",58%,910-1120,17-22,www.csun.edu
#475,University of Alabama in Huntsville,"Huntsville, AL",Public,"7,519","9,101","$19,986","$9,587","$36,881","$103,900",81%,1080-1330,25-31,www.uah.edu
#476,Mercer University,"Macon, GA",Private,"5,057","8,653","$21,044","$28,528","$51,293","$85,100",73%,1170-1340,25-30,www.mercer.edu
#477,Oklahoma City University,"Oklahoma City, OK",Private,"1,983","2,845","$26,838","$18,588","$45,408","$87,900",72%,1110-1280,23-28,www.okcu.edu
#478,Rider University,"Lawrenceville, NJ",Private,"4,371","5,073","$29,086","$25,766","$59,700","$99,000",67%,990-1190,19-26,www.rider.edu
#479,Loyola University New Orleans,"New Orleans, LA",Private,"2,766","3,759","$22,766","$27,972","$55,402","$88,600",69%,1080-1270,22-28,www.loyno.edu
#480,Nova Southeastern University,"Fort-Lauderdale-Davie, FL",Private,"4,840","20,793","$26,606","$19,075","$49,149","$89,800",58%,1080-1280,23-28,www.nova.edu
#481,Grand Valley State University,"Allendale, MI",Public,"24,282","25,049","$16,975","$6,374","$29,314","$82,100",81%,1050-1230,21-26,www.gvsu.edu
#482,Florida Atlantic University,"Boca Raton, FL",Public,"30,208","31,454","$10,466","$8,635","$35,804","$91,200",60%,1060-1220,21-26,www.fau.edu
#483,Northwestern College (IA),"Orange City, IA",Private,"1,131","1,243","$23,064","$19,343","$43,650","$82,400",68%,995-1235,21-27,www.nwciowa.edu
#484,Pacific University (OR),"Forest Grove, OR",Private,"1,995","3,893","$29,902","$26,103","$57,488","$94,000",84%,1070-1260,22-27,www.pacificu.edu
#485,"University of North Carolina, Charlotte","Charlotte, NC",Public,"26,758","29,317","$16,286","$7,385","$37,081","$92,600",66%,1110-1270,22-26,www.uncc.edu
#486,Tennessee Technological University,"Cookeville, TN",Public,"10,215","10,504","$14,813","$9,050","$42,377","$95,100",64%,1010-1250,21-28,www.tntech.edu
#487,Ball State University,"Muncie, IN",Public,"19,231","22,513","$15,187","$10,658","$40,448","$83,700",62%,1080-1240,20-24,cms.bsu.edu
#488,Elmhurst College,"Elmhurst, IL",Private,"3,122","3,481","$22,443","$21,852","$50,000","$88,500",71%,985-1210,20-26,https://www.elmhurst.edu
#489,Touro College,"New York, NY",Private,"8,622","11,908","$23,539","$6,815","$35,111","$103,100",74%,N/A,N/A,www.touro.edu
#490,"CUNY, John Jay College of Criminal Justice","New York, NY",Public,"14,834","15,583","$3,843","$9,007","$41,261","$84,800",39%,980-1130,N/A,www.jjay.cuny.edu
#491,"CUNY, Lehman College","New York, NY",Public,"14,130","15,231","$1,886","$10,685","$34,532","$83,500",35%,970-1100,N/A,www.lehman.cuny.edu
#492,"California State University, East Bay","Hayward, CA",Public,"14,691","16,538","$11,566","$9,402","$36,990","$103,500",74%,N/A,N/A,www.csueastbay.edu
#493,University of South Dakota,"Vermillion, SD",Public,"9,416","10,261","$17,344","$5,145","$25,521","$87,900",87%,1010-1230,20-25,www.usd.edu
#494,"University of North Carolina, Asheville","Asheville, NC",Public,"3,852","4,429","$12,763","$8,060","$36,638","$76,100",80%,1080-1260,22-28,www.unca.edu
#495,Ashland University,"Ashland, OH",Private,"6,471","6,781","$20,221","$12,432","$33,954","$80,000",74%,965-1180,20-25,www.ashland.edu
#496,Simpson College (IA),"Indianola, IA",Private,"1,479","1,695","$22,005","$25,683","$50,180","$88,600",84%,1070-1220,21-27,simpson.edu
#497,"University of Missouri, Saint Louis","St. Louis, MO",Public,"16,715","17,095","$9,930","$12,471","$40,607","$87,500",76%,1065-1225,22-27,www.umsl.edu
#498,Florida Southern College,"Lakeland, FL",Private,"2,759","3,055","$24,679","$21,189","$49,900","$82,500",51%,1070-1250,24-29,https://www.flsouthern.edu
#499,"California State University, Los Angeles","Los Angeles, CA",Public,"24,862","28,531","$3,792","$9,553","$36,726","$93,800",46%,890-1080,15-20,www.calstatela.edu
#500,"California State University, San Bernardino","San Bernardino, CA",Public,"19,244","20,692","$8,519","$9,287","$36,127","$87,500",57%,910-1090,16-21,www.csusb.edu
#501,"University of Texas, Arlington","Arlington, TX",Public,"42,966","46,497","$13,200","$8,484","$39,860","$99,500",71%,1060-1270,20-27,www.uta.edu
#502,"University of Northwestern, St. Paul","Saint Paul, MN",Private,"3,521","3,702","$23,249","$17,134","$43,404",N/A,93%,970-1235,21-27,www.nwc.edu
#503,Lawrence Technological University,"Southfield, MI",Private,"2,268","3,069","$27,331","$17,291","$47,482","$108,400",60%,950-1330,21-28,https://www.ltu.edu
#504,Mississippi College,"Clinton, MS",Private,"3,513","5,036","$16,693","$13,649","$32,385","$79,500",39%,1070-1290,22-29,www.mc.edu
#505,University of North Georgia,"Dahlonega, GA",Public,"18,782","20,811","$9,854","$5,483","$28,094","$85,600",78%,910-1130,20-25,www.ung.edu
#506,Webster University,"St. Louis, MO",Private,"3,732","12,736","$22,937","$17,927","$44,962","$83,500",54%,1040-1253,21-26,www.webster.edu
#507,University of North Texas,"Denton, TX",Public,"35,099","38,276","$13,832","$10,638","$33,908","$90,100",72%,1060-1260,21-27,www.unt.edu
#508,Texas State University,"San Marcos, TX",Public,"37,449","38,666","$15,545","$8,129","$34,245","$90,600",73%,1020-1200,20-26,www.txstate.edu
#509,University of Maine,"Orono, ME",Public,"10,304","11,240","$17,074","$8,544","$43,618","$95,000",92%,1050-1250,22-27,www.umaine.edu
#510,Central College,"Pella, IA",Private,"1,237","1,433","$22,558","$26,389","$50,547","$88,800",70%,950-1220,21-26,www.central.edu
#511,Christian Brothers University,"Memphis, TN",Private,"1,919","2,157","$9,468","$23,780","$44,430","$96,500",53%,N/A,21-27,www.cbu.edu/admissions
#512,Manhattanville College,"Purchase, NY",Private,"1,802","2,690","$21,923","$26,213","$54,780","$97,500",82%,N/A,N/A,www.mville.edu
#513,Georgia State University,"Atlanta, GA",Public,"29,773","32,816","$15,506","$10,090","$40,873","$90,800",70%,1040-1220,19-26,www.gsu.edu
#514,William Jewell College,"Liberty, MO",Private,933,"1,082","$21,134","$25,621","$47,928","$94,500",48%,990-1240,23-28,www.jewell.edu/home
#515,Northern Arizona University,"Flagstaff, AZ",Public,"29,609","31,051","$14,789","$10,044","$40,705","$90,000",81%,N/A,N/A,nau.edu
#516,Westminster College (PA),"New Wilmington, PA",Private,"1,263","1,289","$21,618","$25,476","$49,546","$87,700",72%,990-1220,20-27,www.westminster.edu
#517,Missouri State University,"Springfield, MO",Public,"22,856","23,697","$15,855","$5,480","$28,502","$86,800",84%,1020-1245,21-26,www.missouristate.edu
#518,"University of Nebraska, Omaha","Omaha, NE",Public,"14,610","15,731","$13,173","$6,485","$34,522","$89,500",87%,840-1102,19-26,www.unomaha.edu
#519,Florida Gulf Coast University,"Fort Myers, FL",Public,"14,965","15,317","$15,376","$4,726","$39,434","$80,000",64%,1060-1210,21-25,www.fgcu.edu
#520,Meredith College,"Raleigh, NC",Private,"1,789","1,980","$24,545","$21,258","$49,324","$77,100",69%,1000-1195,20-25,www.meredith.edu
#521,College of Idaho,"Caldwell, ID",Private,954,999,"$21,433","$18,125","$41,347","$82,100",76%,N/A,N/A,www.collegeofidaho.edu
#522,Carroll University,"Waukesha, WI",Private,"3,048","3,452","$22,736","$18,551","$44,150","$86,500",71%,975-1210,21-26,www.carrollu.edu
#523,Old Dominion University,"Norfolk, VA",Public,"22,386","24,375","$15,368","$7,270","$43,444","$89,900",86%,980-1200,18-25,odu.edu
#524,Mount Saint Mary's University (CA),"Los Angeles, CA",Private,"3,100","3,226","$28,274","$23,270","$59,392","$97,500",81%,920-1120,16-21,www.msmc.la.edu/index.asp
#525,Andrews University,"Berrien Springs, MI",Private,"2,250","3,300","$21,460","$16,809","$39,714","$85,000",58%,1040-1320,21-29,www.andrews.edu
#526,Lynn University,"Boca Raton, FL",Private,"2,245","3,010","$35,077","$14,306","$55,923","$85,000",85%,N/A,N/A,www.lynn.edu
#527,Baldwin Wallace University,"Berea, OH",Private,"3,577","3,791","$23,729","$19,781","$46,004","$82,800",78%,N/A,N/A,www.bw.edu
#528,Otterbein University,"Westerville, OH",Private,"2,608","2,936","$24,287","$20,110","$46,390","$85,600",76%,1040-1305,21-27,www.otterbein.edu
#529,University of Massachusetts Boston,"Boston, MA",Public,"15,848","16,415","$12,412","$11,342","$46,941","$95,400",75%,1040-1220,21-26,www.umb.edu
#530,Queens University of Charlotte,"Charlotte, NC",Private,"1,906","2,507","$23,348","$22,152","$48,776","$86,600",79%,1010-1198,21-26,www.queens.edu
#531,"Minnesota State University, Mankato","Mankato, MN",Public,"14,712","15,273","$15,615","$5,108","$28,278","$90,900",61%,N/A,20-24,www.mnsu.edu
#532,Portland State University,"Portland, OR",Public,"26,693","27,483","$13,578","$6,772","$43,989","$90,500",92%,990-1220,19-25,www.pdx.edu
#533,Westminster College (MO),"Fulton, MO",Private,767,972,"$20,402","$18,133","$40,510",N/A,90%,1015-1175,21-26,www.westminster-mo.edu
#534,University of Northern Colorado,"Greeley, CO",Public,"11,278","13,399","$20,367","$7,708","$35,653","$87,100",89%,1000-1240,19-25,www.unco.edu
#535,Ripon College,"Ripon, WI",Private,756,813,"$18,592","$28,951","$52,341","$89,600",68%,1040-1260,20-26,www.ripon.edu
#536,Marietta College,"Marietta, OH",Private,"1,145","1,220","$24,022","$22,617","$50,104","$94,300",67%,960-1215,20-25,www.marietta.edu
#537,Sam Houston State University,"Huntsville, TX",Public,"19,784","20,938","$13,560","$8,976","$31,784","$89,900",74%,1000-1140,19-23,shsu.edu
#538,St. Mary's University (TX),"San Antonio, TX",Private,"2,432","3,649","$17,522","$22,029","$44,490","$95,300",80%,1040-1230,20-26,https://www.stmarytx.edu
#539,Illinois College,"Jacksonville, IL",Private,959,987,"$16,501","$24,557","$42,830","$81,700",55%,N/A,N/A,www.ic.edu
#540,Central Washington University,"Ellensburg, WA",Public,"12,901","15,944","$14,382","$7,096","$36,708","$93,200",86%,910-1100,17-24,www.cwu.edu
#541,Doane University,"Crete, NE",Private,"1,069","1,072","$24,449","$20,109","$46,710","$85,300",65%,N/A,20-25,www.doane.edu
#542,University of Hartford,"West Hartford, CT",Private,"6,259","6,561","$30,440","$21,526","$54,662","$101,600",81%,1030-1230,21-27,www.hartford.edu
#543,Hood College,"Frederick, MD",Private,"1,214","2,112","$23,416","$26,864","$54,840","$82,600",81%,N/A,N/A,www.hood.edu
#544,University of Colorado Colorado Springs,"Colorado Springs, CO",Public,"12,932","14,122","$15,872","$5,682","$36,298","$90,900",93%,1040-1250,21-26,www.uccs.edu
#545,St. Catherine University,"St. Paul, MN",Private,"3,747","4,724","$19,935","$26,729","$50,716","$82,600",70%,1040-1310,20-26,www.stkate.edu
#546,Fairleigh Dickinson University,"Teaneck, NJ",Private,"6,168","7,846","$16,136","$31,560","$56,618","$93,000",88%,1002-1200,20-25,view.fdu.edu/default.aspx?id=320
#547,Millersville University,"Millersville, PA",Public,"7,720","7,915","$22,032","$5,668","$38,569","$84,700",79%,970-1160,N/A,https://www.millersville.edu
#548,"University of Nevada, Las Vegas","Las Vegas, NV",Public,"27,561","30,471","$10,555","$4,998","$37,639","$90,400",81%,1030-1240,19-24,www.unlv.edu
#549,Wisconsin Lutheran College,"Milwaukee, WI",Private,"1,114","1,198","$20,073","$18,027","$41,996","$82,500",90%,1008-1278,20-26,www.wlc.edu
#550,Randolph College,"Lynchburg, VA",Private,684,691,"$25,614","$26,264","$54,225",N/A,86%,950-1190,19-25,www.randolphcollege.edu
#551,"CUNY, College of Staten Island","Staten Island, NY",Public,"13,594","15,245","$5,687","$7,929","$39,124","$94,600",N/A,N/A,N/A,www.csi.cuny.edu
#552,Vanguard University,"Costa Mesa, CA",Private,"2,116","2,394","$21,374","$22,396","$46,770","$85,600",47%,930-1120,18-24,www.vanguard.edu
#553,Immaculata University,"Immaculata, PA",Private,"1,906","2,481","$31,971","$21,301","$45,960","$88,100",83%,950-1170,17-23,www.immaculata.edu
#554,Lycoming College,"Williamsport, PA",Private,"1,217","1,404","$19,019","$31,000","$53,870","$91,000",64%,988-1200,21-25,www.lycoming.edu
#555,"University of Louisiana, Lafayette","Lafayette, LA",Public,"17,297","17,556","$12,768","$7,899","$38,503","$92,500",51%,820-1180,21-26,www.louisiana.edu
#556,Huntington University,"Huntington, IN",Private,"1,146","1,321","$21,892","$17,623","$37,296",N/A,81%,950-1170,20-24,huntington.edu
#557,Hollins University,"Roanoke, VA",Private,674,790,"$19,456","$32,492","$54,205","$78,000",48%,1110-1295,23-28,www.hollins.edu/index.shtml
#558,Benedictine University,"Lisle, IL",Private,"3,731","5,100","$23,827","$18,272","$48,016","$89,400",62%,916-1100,19-25,www.ben.edu
#559,"University of North Carolina, Greensboro","Greensboro, NC",Public,"18,091","19,922","$12,226","$9,017","$35,818","$76,600",78%,1030-1180,20-25,www.uncg.edu
#560,King's College (PA),"Wilkes-Barre, PA",Private,"2,244","2,469","$25,898","$21,560","$52,030","$86,500",71%,N/A,N/A,www.kings.edu
#561,Hastings College,"Hastings, NE",Private,"1,202","1,227","$21,703","$19,652","$43,527","$87,100",68%,970-1150,20-25,www.hastings.edu
#562,Georgia Southern University,"Statesboro, GA",Public,"20,314","20,418","$16,548","$6,648","$33,646","$88,000",68%,1100-1230,22-26,www.georgiasouthern.edu
#563,Southern Illinois University Edwardsville,"Edwardsville, IL",Public,"13,294","13,796","$15,574","$6,756","$37,774","$90,100",90%,980-1225,20-26,www.siue.edu
#564,Western Michigan University,"Kalamazoo, MI",Public,"19,990","22,869","$16,934","$7,894","$27,895","$92,200",82%,960-1190,20-26,wmich.edu
#565,Asbury University,"Wilmore, KY",Private,"1,772","1,990","$28,095","$15,833","$40,575","$70,800",70%,980-1280,21-28,www.asbury.edu
#566,Oakland University,"Rochester, MI",Public,"19,321","19,333","$12,779","$9,476","$36,581","$93,300",84%,1010-1230,21-27,www.oakland.edu
#567,University of New Mexico,"Albuquerque, NM",Public,"23,124","26,221","$14,315","$6,847","$36,736","$94,000",67%,930-1170,19-25,www.unm.edu
#568,Bloomsburg University of Pennsylvania,"Bloomsburg, PA",Public,"9,260","9,729","$19,725","$5,720","$35,750","$92,200",73%,970-1150,19-24,www.bloomu.edu
#569,Boise State University,"Boise, ID",Public,"23,634","24,121","$13,796","$8,258","$37,248","$86,400",84%,940-1160,21-26,www.boisestate.edu
#570,College of the Atlantic,"Bar Harbor, ME",Private,354,390,"$20,234","$37,756","$54,969",N/A,68%,N/A,N/A,www.coa.edu/index.htm
#571,"University of Texas, Rio Grande Valley","Edinburg, TX",Public,"27,807","27,809","$3,901","$9,398","$29,995","$81,200",80%,950-1120,17-22,www.utrgv.edu
#572,Maryville College,"Maryville, TN",Private,"1,181","1,247","$18,146","$27,778","$49,266","$75,300",49%,930-1150,20-27,www.maryvillecollege.edu
#573,Oral Roberts University,"Tulsa, OK",Private,"3,781","3,919","$19,035","$19,393","$41,054","$85,100",93%,990-1210,20-26,www.oru.edu
#574,"University of Alaska, Fairbanks","Fairbanks, AK",Public,"7,664","11,866","$9,988","$7,457","$32,563","$101,800",77%,1030-1270,17-25,www.alaska.edu
#575,Randolph-Macon College,"Ashland, VA",Private,"1,453","1,491","$25,621","$25,338","$54,180",N/A,62%,1050-1233,21-27,www.rmc.edu
#576,Montana Tech of the University of Montana,"Butte, MT",Public,"1,909","2,155","$12,993","$6,405","$35,755","$112,600",92%,1115-1300,22-27,www.mtech.edu
#577,"St. John's College, Santa Fe","Santa Fe, NM",Private,354,386,"$20,605","$31,845","$65,456",N/A,63%,1190-1350,23-32,www.sjca.edu
#578,"Indiana University-Purdue University, Indianapolis","Indianapolis, IN",Public,"25,516","29,791","$12,021","$11,347","$43,022","$88,200",80%,995-1190,19-26,www.iupui.edu
#579,Hartwick College,"Oneonta, NY",Private,"1,201","1,435","$26,136","$29,494","$57,627","$99,200",89%,920-1100,21-26,www.hartwick.edu
#580,Alfred University,"Alfred, NY",Private,"2,017","2,354","$22,286","$20,676","$43,686","$92,000",63%,990-1210,21-26,www.alfred.edu
#581,Oklahoma Baptist University,"Shawnee, OK",Private,"2,056","2,093","$16,267","$18,708","$39,840","$76,600",65%,960-1150,20-26,www.okbu.edu
#582,Alma College,"Alma, MI",Private,"1,426","1,484","$21,836","$28,481","$52,475","$89,900",64%,1030-1230,20-27,www.alma.edu
#583,Saint Cloud State University,"St. Cloud, MN",Public,"14,975","15,955","$14,633","$5,216","$28,920","$91,600",86%,958-1188,18-24,www.stcloudstate.edu
#584,Capital University,"Columbus, OH",Private,"3,120","3,384","$20,866","$25,272","$48,674","$85,100",69%,1075-1245,22-27,www.capital.edu
#585,Liberty University,"Lynchburg, VA",Private,"60,084","75,044","$27,573","$10,400","$38,364","$73,600",30%,1040-1240,21-27,www.liberty.edu
#586,Russell Sage College,"Troy, NY",Private,"1,560","2,525","$19,696","$21,706","$45,397","$81,100",56%,N/A,N/A,www.sage.edu/rsc
#587,Converse College,"Spartanburg, SC",Private,906,"1,478","$21,556","$12,497","$34,190","$71,000",71%,970-1160,20-26,www.converse.edu
#588,Oglethorpe University,"Atlanta, GA",Private,"1,250","1,589","$22,018","$27,532","$53,490","$91,400",58%,1110-1310,22-28,www.oglethorpe.edu
#589,Central Michigan University,"Mount Pleasant, MI",Public,"20,786","23,257","$15,531","$8,624","$35,236","$83,600",68%,1010-1200,20-27,www.cmich.edu
#590,"University of Wisconsin, Milwaukee","Milwaukee, WI",Public,"24,337","24,988","$16,650","$5,647","$35,510","$90,300",72%,N/A,20-25,www.uwm.edu
#591,Bowling Green State University,"Bowling Green, OH",Public,"16,592","17,357","$19,128","$6,542","$32,105","$87,500",73%,990-1230,19-24,www.bgsu.edu
#592,Texas Woman's University,"Denton, TX",Public,"12,020","15,473","$9,493","$8,426","$29,683","$83,400",86%,890-1080,17-23,www.twu.edu
#593,University of Mount Union,"Alliance, OH",Private,"2,195","2,257","$22,786","$17,954","$42,725","$88,500",81%,980-1200,20-25,www.mountunion.edu
#594,Clarke University,"Dubuque, IA",Private,845,"1,039","$24,334","$17,474","$45,900","$80,200",63%,970-1148,20-25,www.clarke.edu
#595,Carthage College,"Kenosha, WI",Private,"2,860","2,940","$26,532","$26,379","$57,250","$85,400",68%,1040-1300,21-27,www.carthage.edu
#596,Centenary College of Louisiana,"Shreveport, LA",Private,501,588,"$24,704","$26,633","$53,000","$88,400",62%,1030-1210,22-28,www.centenary.edu
#597,Wichita State University,"Wichita, KS",Public,"12,704","15,075","$14,113","$5,793","$32,716","$87,300",94%,1000-1275,20-27,www.wichita.edu
#598,Aurora University,"Aurora, IL",Private,"4,248","5,833","$17,220","$15,909","$37,028","$83,400",87%,950-1130,19-23,www.aurora.edu
#599,Georgetown College (KY),"Georgetown, KY",Private,"1,051","1,767","$20,769","$29,107","$50,086","$81,900",67%,N/A,20-26,https://www.georgetowncollege.edu
#600,Western Kentucky University,"Bowling Green, KY",Public,"20,257","21,431","$11,850","$7,295","$36,806","$83,100",95%,970-1180,19-27,www.wku.edu
#601,Wayne State University,"Detroit, MI",Public,"20,314","27,064","$12,970","$9,682","$40,763","$91,700",67%,1000-1210,21-28,wayne.edu
#602,Western Colorado University,"Gunnison, CO",Public,"2,814","3,343","$17,229","$6,195","$35,144","$81,500",86%,990-1200,20-25,www.western.edu
#603,Rhode Island College,"Providence, RI",Public,"8,171","8,318","$10,366","$6,877","$35,465","$83,500",74%,880-1090,15-22,www.ric.edu
#604,Weber State University,"Ogden, UT",Public,"27,949","32,248","$12,061","$4,579","$29,912","$94,000",N/A,N/A,N/A,www.weber.edu
#605,Salem College,"Winston-Salem, NC",Private,968,984,"$17,669","$25,354","$46,080","$73,700",57%,1020-1300,23-29,www.salem.edu
#606,"University of Texas, El Paso","El Paso, TX",Public,"24,386","25,078","$8,135","$9,183","$36,955","$92,100",100%,920-1130,16-22,www.utep.edu
#607,Spring Hill College,"Mobile, AL",Private,"1,442","1,485","$21,108","$29,825","$55,168",N/A,46%,1025-1185,21-26,www.shc.edu
#608,Sweet Briar College,"Sweet Briar, VA",Private,323,406,"$21,291","$30,802","$54,155","$79,700",93%,993-1180,20-28,sbc.edu
#609,University of Toledo,"Toledo, OH",Public,"18,077","20,579","$13,832","$8,050","$34,375","$92,500",94%,1020-1240,20-26,www.utoledo.edu
#610,University of Montana,"Missoula, MT",Public,"11,671","11,865","$15,006","$5,404","$38,356","$87,800",93%,1060-1270,21-26,www.umt.edu
#611,Southeastern Louisiana University,"Hammond, LA",Public,"14,285","16,512","$12,739","$7,250","$34,155","$83,900",88%,N/A,19-24,www.selu.edu
#612,University of South Alabama,"Mobile, AL",Public,"12,848","15,569","$14,237","$6,927","$28,210","$86,400",82%,1010-1200,20-26,www.southalabama.edu
#613,Murray State University,"Murray, KY",Public,"9,916","10,012","$11,497","$8,426","$37,870","$79,900",87%,980-1190,21-27,www.murraystate.edu
#614,Anderson University (IN),"Anderson, IN",Private,"1,877","1,961","$23,799","$17,790","$43,450","$78,600",65%,910-1110,19-25,anderson.edu
#615,University of West Florida,"Pensacola, FL",Public,"12,449","13,040","$10,729","$5,222","$31,895","$81,700",50%,1080-1240,22-27,uwf.edu
#616,University of New Orleans,"New Orleans, LA",Public,"7,964","8,082","$11,135","$8,151","$28,568","$91,600",57%,1030-1250,20-25,www.uno.edu
#617,Indiana University of Pennsylvania,"Indiana, PA",Public,"12,003","12,431","$20,940","$6,772","$32,461","$85,900",91%,910-1120,17-23,ww.iup.edu
#618,North Greenville University,"Tigerville, SC",Private,"2,356","2,565","$26,450","$15,812","$36,000",N/A,61%,930-1270,19-28,www.ngu.edu
#619,University of Texas at San Antonio,"San Antonio, TX",Public,"27,880","30,768","$12,745","$8,177","$34,484","$87,500",79%,1030-1210,20-25,www.utsa.edu
#620,Millikin University,"Decatur, IL",Private,"2,040","2,132","$20,435","$23,312","$47,664","$83,400",65%,1080-1260,19-26,www.millikin.edu/Pages/default.aspx
#621,Northern Illinois University,"DeKalb, IL",Public,"15,429","18,045","$19,786","$9,482","$38,314","$95,500",53%,N/A,19-24,www.niu.edu/index.shtml
#622,Cleveland State University,"Cleveland, OH",Public,"14,594","16,371","$16,582","$7,096","$30,825","$88,600",90%,990-1210,19-25,www.csuohio.edu
#623,Humboldt State University,"Arcata, CA",Public,"8,525","8,602","$14,490","$9,038","$36,601","$89,000",82%,960-1160,18-24,www.humboldt.edu
#624,Monmouth College,"Monmouth, IL",Private,"1,033","1,205","$17,190","$27,809","$47,970","$88,100",67%,900-1090,20-25,www.monmouthcollege.edu
#625,St. Francis College,"Brooklyn, NY",Private,"2,362","2,745","$9,560","$15,533","$44,488","$93,200",63%,950-1120,20-24,www.sfc.edu
#626,Elmira College,"Elmira, NY",Private,"1,012","1,135","$26,255","$26,883","$55,050","$82,200",85%,N/A,N/A,www.elmira.edu
#627,University of Southern Mississippi,"Hattiesburg, MS",Public,"13,606","14,478","$13,178","$9,292","$24,883","$83,900",98%,N/A,19-26,home.usm.edu
#628,Lyon College,"Batesville, AR",Private,672,705,"$18,605","$18,534","$39,120",N/A,64%,1030-1234,22-28,www.lyon.edu
#629,Southern Illinois University Carbondale,"Carbondale, IL",Public,"13,518","14,554","$17,175","$10,924","$42,770","$90,900",76%,920-1330,20-26,siu.edu
#630,Kent State University Kent Campus,"Kent, OH",Public,"27,376","28,972","$18,432","$7,306","$34,046","$83,100",88%,1040-1220,21-25,www.kent.edu
#631,Middle Tennessee State University,"Murfreesboro, TN",Public,"21,913","23,050","$12,416","$8,607","$40,458","$81,100",59%,990-1210,20-25,www.mtsu.edu
#632,Warren Wilson College,"Asheville, NC",Private,661,695,"$25,117","$19,414","$49,744","$74,600",79%,1140-1285,25-29,www.warren-wilson.edu/external_index.php
#633,Northern Kentucky University,"Highland Heights, KY",Public,"14,141","14,456","$9,131","$8,295","$32,136","$87,400",90%,993-1210,20-26,www.nku.edu
#634,Western Illinois University,"Macomb, IL",Public,"9,441","9,656","$15,844","$9,239","$25,835","$85,900",60%,N/A,18-23,www.wiu.edu
#635,"University of Alaska, Anchorage","Anchorage, AK",Public,"15,733","23,824","$13,378","$6,207","$39,902","$101,000",83%,N/A,N/A,www.uaa.alaska.edu
#636,Fort Lewis College,"Durango, CO",Public,"3,332","3,925","$17,705","$10,850","$36,843","$82,600",83%,1020-1210,20-25,www.fortlewis.edu
#637,Marlboro College,"Marlboro, VT",Private,185,390,"$17,636","$33,054","$55,625",N/A,97%,N/A,N/A,www.marlboro.edu
#638,Wright State University,"Dayton, OH",Public,"14,332","15,957","$16,249","$6,546","$32,506","$87,800",97%,980-1270,19-25,https://www.wright.edu
#639,Hiram College,"Hiram, OH",Private,"1,200","1,221","$21,474","$23,318","$47,757","$84,100",64%,940-1200,18-24,www.hiram.edu
#640,University of Memphis,"Memphis, TN",Public,"19,875","21,521","$13,921","$8,960","$36,372","$85,800",85%,1010-1230,19-25,www.mephis.edu
#641,Eastern Kentucky University,"Richmond, KY",Public,"16,155","16,612","$11,892","$8,234","$31,978","$80,700",87%,960-1130,20-25,www.eku.edu
#642,Fisk University,"Nashville, TN",Private,701,738,"$28,362","$9,396","$37,070","$83,600",45%,940-1260,16-22,www.fisk.edu/Home.aspx
#643,Guilford College,"Greensboro, NC",Private,"1,680","2,050","$23,560","$22,964","$50,813","$75,600",91%,N/A,N/A,www.guilford.edu
#644,Carson-Newman University,"Jefferson City, TN",Private,"1,934","2,514","$18,003","$20,126","$40,640","$76,500",67%,940-1150,20-26,www.cn.edu
#645,Morehouse College,"Atlanta, GA",Private,"2,202","2,219","$34,928","$17,318","$48,723","$98,700",74%,950-1160,18-23,https://www.morehouse.edu
#646,New Mexico State University,"Las Cruces, NM",Public,"13,379","14,432","$8,625","$9,582","$34,720","$96,700",64%,910-1160,18-23,www.nmsu.edu
#647,Indiana State University,"Terre Haute, IN",Public,"13,626","13,763","$13,012","$9,297","$32,938","$85,600",85%,900-1110,17-23,www.indstate.edu
#648,Emory &amp; Henry College,"Emory, VA",Private,"1,094","1,226","$19,340","$27,155","$48,100","$70,700",72%,988-1170,19-25,www.ehc.edu
#649,Wells College,"Aurora, NY",Private,488,516,"$22,828","$30,207","$55,180",N/A,80%,N/A,N/A,www.wells.edu
#650,Catawba College,"Salisbury, NC",Private,"1,336","1,463","$19,807","$23,662","$44,921","$78,100",42%,930-1100,18-23,www.catawba.edu
